Rk,Name,Age,Tm,Lg,G,PA,AB,R,H,2B,3B,HR,RBI,SB,CS,BB,SO,BA,OBP,SLG,OPS,OPS+,TB,GDP,HBP,SH,SF,IBB,Pos Summary,Name-additional
1,C.J. Abrams*,21,SDP,NL,28,94,83,12,16,3,0,1,6,1,1,4,18,.193,.261,.265,.526,55,22,3,4,2,1,0,6/49HD,abramcj01
2,Albert Abreu,26,TOT,AL,1,0,0,0,0,0,0,0,0,0,0,0,0,,,,,,0,0,0,0,0,0,1,abreual01
3,Albert Abreu,26,KCR,AL,1,0,0,0,0,0,0,0,0,0,0,0,0,,,,,,0,0,0,0,0,0,/1,abreual01
4,José Abreu,35,CHW,AL,71,313,271,41,74,19,0,9,35,0,0,38,48,.273,.367,.443,.810,131,120,7,3,0,1,0,*3D,abreujo02
5,Ronald Acuna Jr.,24,ATL,NL,43,196,167,28,47,8,0,7,18,13,4,20,51,.281,.372,.455,.828,127,76,1,6,0,3,1,9D/H,acunaro01
6,Willy Adames,26,MIL,NL,54,228,207,36,45,10,0,15,39,1,1,20,62,.217,.289,.483,.773,113,100,8,1,0,0,0,*6/DH,adamewi01
7,Riley Adams,26,WSN,NL,27,88,78,8,15,1,0,3,5,0,1,9,26,.192,.284,.321,.605,76,25,1,1,0,0,0,2/H3D,adamsri03
8,Jo Adell,23,LAA,AL,25,87,84,5,21,5,0,3,10,1,1,3,30,.250,.276,.417,.693,95,35,4,0,0,0,0,7/9H,adelljo01
9,Ehire Adrianza#,32,WSN,NL,12,34,32,1,5,1,0,0,1,0,0,2,9,.156,.206,.188,.393,16,6,1,0,0,0,0,/57H41,adriaeh01
10,Jesus Aguilar,32,MIA,NL,65,271,246,24,62,12,0,9,31,0,0,18,64,.252,.301,.411,.712,100,101,7,1,0,4,0,3D/5H,aguilje01
11,Nick Ahmed,32,ARI,NL,17,54,52,7,12,2,0,3,7,0,1,2,15,.231,.259,.442,.702,96,23,2,0,0,0,0,6/HD,ahmedni01
12,Hanser Alberto,29,LAD,NL,36,74,73,8,17,3,0,2,5,0,0,1,13,.233,.243,.356,.599,64,26,3,0,0,0,0,4H/5D19,alberha01
13,Ozzie Albies#,25,ATL,NL,62,263,242,34,59,15,0,8,33,3,5,15,46,.244,.289,.405,.694,89,98,0,2,0,4,0,*4/H,albieoz01
14,Sergio Alcantara#,25,TOT,NL,44,94,87,9,14,2,1,1,10,0,2,3,24,.161,.185,.241,.426,22,21,3,0,2,2,0,56/4HD,alcanse01
15,Sergio Alcantara#,25,ARI,NL,23,57,53,6,10,2,1,1,7,0,0,1,13,.189,.200,.321,.521,46,17,3,0,2,1,0,5/6H4,alcanse01
16,Sergio Alcantara#,25,SDP,NL,21,37,34,3,4,0,0,0,3,0,2,2,11,.118,.162,.118,.280,-16,4,0,0,0,1,0,/645HD,alcanse01
17,Jorge Alfaro,29,SDP,NL,42,155,145,18,41,11,0,6,24,1,0,7,51,.283,.316,.483,.799,130,70,3,1,0,2,0,2/DH,alfarjo01
18,Anthony Alford,27,PIT,NL,2,4,4,0,1,0,0,0,0,0,0,0,2,.250,.250,.250,.500,43,1,0,0,0,0,0,/879,alforan01
19,Austin Allen*,28,OAK,AL,5,16,14,1,1,0,0,0,0,0,0,1,9,.071,.188,.071,.259,-19,1,1,1,0,0,0,/2D,allenau01
20,Nick Allen,23,OAK,AL,17,52,45,6,10,4,0,1,5,1,1,6,9,.222,.327,.378,.705,108,17,1,1,0,0,0,4/6,allenni02
21,Albert Almora,28,CIN,NL,39,140,135,17,36,5,1,5,24,2,2,3,25,.267,.281,.430,.710,87,58,6,0,1,1,0,987/DH,almoral01
22,Pete Alonso,27,NYM,NL,74,317,273,45,77,11,0,22,69,2,1,30,64,.282,.360,.564,.924,160,154,6,7,0,7,6,*3D,alonspe01
23,Jose Altuve,32,HOU,AL,58,254,224,39,61,13,0,15,26,5,1,26,43,.272,.358,.531,.890,153,119,7,4,0,0,0,*4,altuvjo01
24,Jose Alvarado*,27,PHI,NL,1,1,1,0,0,0,0,0,0,0,0,0,1,.000,.000,.000,.000,-100,0,0,0,0,0,0,1,alvarjo03
25,Eddy Alvarez*,32,LAD,NL,13,23,22,1,3,0,0,0,1,1,0,0,8,.136,.136,.136,.273,-24,3,1,0,1,0,0,/95HD76,alvared01
26,Yordan Álvarez*,25,HOU,AL,66,275,234,49,75,8,2,23,56,0,1,36,45,.321,.415,.667,1.081,206,156,7,3,0,2,3,D7/H,alvaryo01
27,Brian Anderson,29,MIA,NL,34,127,109,21,29,9,0,2,6,1,0,16,37,.266,.370,.404,.774,120,44,0,2,0,0,1,5/79H,anderbr06
28,Tim Anderson,29,CHW,AL,47,207,195,29,67,9,0,5,19,10,0,8,24,.344,.382,.467,.848,142,91,6,4,0,0,1,6,anderti01
29,Elvis Andrus,33,OAK,AL,70,254,234,26,53,18,0,3,15,4,2,19,37,.226,.287,.342,.629,85,80,7,1,0,0,0,*6/HD,andruel01
30,Miguel Andujar,27,NYY,AL,12,43,41,4,11,2,0,0,3,3,0,1,7,.268,.279,.317,.596,73,13,0,0,0,1,0,7/DH,andujmi01
31,Aristides Aquino,28,CIN,NL,31,90,87,10,15,4,0,3,7,2,1,3,41,.172,.200,.322,.522,37,28,0,0,0,0,0,9/7H8,aquinar01
32,Jonathan Aranda*,24,TBR,AL,2,3,3,0,2,0,0,0,1,0,0,0,0,.667,.667,.667,1.333,298,2,0,0,0,0,0,/4DH,arandjo01
33,Jonathan Arauz#,23,TOT,AL,9,24,22,3,3,0,0,1,3,0,0,0,6,.136,.130,.273,.403,10,6,0,0,1,1,0,/465H,arauzjo01
34,Jonathan Arauz#,23,BOS,AL,6,12,10,1,0,0,0,0,1,0,0,0,3,.000,.000,.000,.000,-100,0,0,0,1,1,0,/46H,arauzjo01
35,Jonathan Arauz#,23,BAL,AL,3,12,12,2,3,0,0,1,2,0,0,0,3,.250,.250,.500,.750,109,6,0,0,0,0,0,/54,arauzjo01
36,Orlando Arcia,27,ATL,NL,29,106,94,9,27,5,0,3,13,0,0,9,24,.287,.349,.436,.785,115,41,3,1,0,2,0,4/D75H,arciaor01
37,Nolan Arenado,31,STL,NL,73,307,277,35,78,19,0,14,49,0,2,27,41,.282,.345,.502,.847,142,139,9,1,0,2,1,*5/DH,arenano01
38,Gabriel Arias,22,CLE,AL,2,8,8,2,1,0,0,0,1,0,0,0,3,.125,.125,.125,.250,-27,1,0,0,0,0,0,/45,ariasga01
39,Randy Arozarena,27,TBR,AL,71,296,275,32,71,16,2,7,33,15,6,14,73,.258,.307,.407,.715,110,112,8,6,0,1,2,*7D/H,arozara01
40,Luis Arraez*,25,MIN,AL,67,277,241,42,83,9,1,4,27,2,1,33,22,.344,.426,.440,.866,152,106,2,2,0,1,1,34/DH5,arraelu01
41,Christian Arroyo,27,BOS,AL,37,107,98,12,20,3,0,4,13,3,0,4,17,.204,.255,.357,.612,68,35,1,3,1,1,0,9/64HD35,arroych01
42,Willians Astudillo,30,MIA,NL,17,38,37,5,10,0,0,1,4,1,0,1,2,.270,.289,.351,.641,81,13,2,0,0,0,0,/54H3D1,astudwi01
43,Jose Azocar,26,SDP,NL,58,113,104,11,26,4,3,0,7,3,5,8,28,.250,.301,.346,.647,89,36,2,0,0,1,0,*9H78/D,azocajo01
44,Akil Baddoo*,23,DET,AL,17,55,50,5,7,1,0,1,2,1,1,5,15,.140,.218,.220,.438,28,11,1,0,0,0,0,8/7H,baddoak01
45,Harrison Bader,28,STL,NL,72,264,246,35,63,7,3,5,21,15,2,13,47,.256,.303,.370,.673,94,91,4,4,0,1,0,*8/H,baderha01
46,Javier Baez,29,DET,AL,61,249,235,20,51,13,1,7,25,3,1,11,59,.217,.257,.370,.627,80,87,7,2,0,1,0,*6/DH,baezja01
47,Rylan Bannon,26,BAL,AL,4,15,14,0,2,0,0,0,0,0,0,0,5,.143,.200,.143,.343,1,2,0,1,0,0,0,/5D,bannory01
48,Daniel Bard,37,COL,NL,1,0,0,0,0,0,0,0,0,0,0,0,0,,,,,,0,0,0,0,0,0,1,bardda01
49,Joe Barlow,26,TEX,AL,1,0,0,0,0,0,0,0,0,0,0,0,0,,,,,,0,0,0,0,0,0,1,barlojo01
50,Scott Barlow,29,KCR,AL,2,0,0,0,0,0,0,0,0,0,0,0,0,,,,,,0,0,0,0,0,0,1,barlosc01
51,Austin Barnes,32,LAD,NL,28,92,75,14,14,2,0,4,11,1,0,15,18,.187,.326,.373,.699,94,28,3,1,0,1,0,2/DH4,barneau01
52,Tucker Barnhart*,31,DET,AL,49,155,145,6,31,4,0,0,7,0,0,10,46,.214,.265,.241,.506,49,35,2,0,0,0,0,2/1,barnhtu01
53,Luis Barrera*,26,OAK,AL,32,85,77,3,18,5,0,1,7,3,0,6,17,.234,.294,.338,.632,86,26,2,1,0,1,0,79/H8,barrelu01
54,Joey Bart,25,SFG,NL,36,108,90,12,14,1,0,4,7,1,1,15,49,.156,.296,.300,.596,69,27,2,3,0,0,0,2/HD,bartjo01
55,Anthony Bass,34,MIA,NL,1,0,0,0,0,0,0,0,0,0,0,0,0,,,,,,0,0,0,0,0,0,1/DH,bassan01
56,Félix Bautista,27,BAL,AL,1,0,0,0,0,0,0,0,0,0,0,0,0,,,,,,0,0,0,0,0,0,1,bautife01
57,Matt Beaty*,29,SDP,NL,17,40,37,6,4,1,1,0,1,0,0,2,6,.108,.175,.189,.364,7,7,3,1,0,0,0,/9H3D7,beatyma01
58,David Bednar*,27,PIT,NL,1,0,0,0,0,0,0,0,0,0,0,0,0,,,,,,0,0,0,0,0,0,1,bednada01
59,Seth Beer*,25,ARI,NL,27,93,81,4,17,3,0,1,9,0,0,8,24,.210,.301,.284,.585,69,23,3,3,0,1,1,D/H3,beerse01
60,Josh Bell#,29,WSN,NL,76,318,273,40,85,13,2,11,46,0,1,35,43,.311,.392,.495,.887,157,135,12,4,0,4,3,*3,belljo02
61,Andrew Bellatti,30,PHI,NL,1,0,0,0,0,0,0,0,0,0,0,0,0,,,,,,0,0,0,0,0,0,1,bellaan01
62,Cody Bellinger*,26,LAD,NL,67,273,251,32,53,13,2,9,28,9,1,20,82,.211,.271,.386,.658,80,97,4,1,0,1,0,*8/H,bellico01
63,Brandon Belt*,34,SFG,NL,37,153,127,17,28,3,1,5,12,1,0,22,44,.220,.346,.378,.724,105,48,7,3,0,1,1,3/DH,beltbr01
64,Anthony Bemboom*,32,BAL,AL,22,59,52,4,6,2,0,1,1,0,0,6,17,.115,.207,.212,.418,21,11,1,0,1,0,0,2/H,bemboan01
65,Andrew Benintendi*,27,KCR,AL,72,304,271,28,82,11,2,3,27,1,0,29,42,.303,.368,.391,.760,116,106,6,1,0,3,0,*7/H,beninan01
66,Jon Berti,32,MIA,NL,45,171,149,27,43,8,2,2,14,22,2,20,40,.289,.380,.409,.790,124,61,3,2,0,0,0,54/H678D,bertijo01
67,Christian Bethancourt,30,OAK,AL,51,166,156,22,38,11,0,4,18,4,1,8,38,.244,.285,.391,.676,97,61,3,1,1,0,0,32H/D1,bethach01
68,Mookie Betts,29,LAD,NL,60,275,245,53,67,13,0,17,40,6,1,27,47,.273,.349,.535,.884,141,131,3,2,0,1,0,*9/H,bettsmo01
69,Bo Bichette,24,TOR,AL,73,329,309,42,79,16,0,12,41,5,4,20,82,.256,.301,.424,.725,104,131,4,0,0,0,0,*6,bichebo01
70,Phil Bickford,26,LAD,NL,1,0,0,0,0,0,0,0,0,0,0,0,0,,,,,,0,0,0,0,0,0,1,bickfph01
71,Cavan Biggio*,27,TOR,AL,37,114,91,14,19,7,1,2,11,1,0,19,33,.209,.363,.374,.736,111,34,1,3,1,0,0,43/HD97,biggica01
72,Charlie Blackmon*,35,COL,NL,66,295,269,38,72,13,2,12,41,2,1,19,49,.268,.320,.465,.784,109,125,4,2,4,1,0,D9/H,blackch02
73,Dairon Blanco,29,KCR,AL,5,7,7,1,2,0,0,0,2,1,0,0,4,.286,.286,.286,.571,63,2,0,0,0,0,0,/8HD,blancda02
74,Xander Bogaerts,29,BOS,AL,72,305,268,46,88,21,0,6,31,3,0,29,63,.328,.400,.474,.874,142,127,5,5,0,3,2,*6/DH,bogaexa01
75,Alec Bohm,25,PHI,NL,72,292,270,35,71,12,1,4,26,1,2,15,62,.263,.298,.359,.657,86,97,9,1,0,6,0,*5/DH3,bohmal01
76,Ronald Bolanos,25,KCR,AL,1,0,0,0,0,0,0,0,0,0,0,0,0,,,,,,0,0,0,0,0,0,/1,bolanro01
77,David Bote,29,CHC,NL,3,12,9,2,2,0,0,0,0,0,0,2,4,.222,.417,.222,.639,87,2,0,1,0,0,0,/4,boteda01
78,Sean Bouchard,26,COL,NL,3,9,7,1,0,0,0,0,0,0,0,2,2,.000,.222,.000,.222,-33,0,0,0,0,0,0,/7H,bouchse01
79,Bobby Bradley*,26,CLE,AL,8,17,17,1,2,0,0,0,0,0,0,0,9,.118,.118,.118,.235,-32,2,0,0,0,0,0,/3H,bradlbo01
80,Jackie Bradley Jr.*,32,BOS,AL,67,226,209,12,44,14,1,1,22,2,2,15,46,.211,.263,.301,.565,57,63,1,0,2,0,0,*98/H,bradlja02
81,Michael Brantley*,35,HOU,AL,64,277,243,28,70,14,1,5,26,1,1,31,30,.288,.370,.416,.785,127,101,1,1,1,1,2,D7,brantmi02
82,Rob Brantly*,32,NYY,AL,1,3,3,0,1,1,0,0,0,0,0,0,0,.333,.333,.667,1.000,180,2,0,0,0,0,0,/2,brantro01
83,Alex Bregman,28,HOU,AL,71,301,249,39,60,15,0,9,36,0,0,44,40,.241,.362,.410,.772,123,102,7,5,0,3,0,*5/H,bregmal01
84,Jonah Bride,26,OAK,AL,12,44,41,1,9,1,0,0,1,0,0,3,3,.220,.273,.244,.517,54,10,0,0,0,0,0,/54D,bridejo01
85,Mike Brosseau,28,MIL,NL,32,82,71,8,20,1,0,4,10,1,0,10,21,.282,.378,.465,.843,137,33,0,1,0,0,0,5/H61,brossmi01
86,Seth Brown*,29,OAK,AL,70,242,222,23,51,14,2,10,36,7,0,18,65,.230,.289,.446,.735,113,99,3,1,0,1,1,379H/8D,brownse01
87,Justin Bruihl*,25,LAD,NL,1,0,0,0,0,0,0,0,0,0,0,0,0,,,,,,0,0,0,0,0,0,1,bruihju01
88,Vidal Brujan#,24,TBR,AL,40,136,125,9,20,5,0,2,15,3,5,9,32,.160,.213,.248,.461,36,31,1,0,0,2,0,49/6H5D,brujavi01
89,Kris Bryant,30,COL,NL,19,82,71,11,18,4,0,0,4,0,0,8,15,.254,.329,.310,.639,74,22,1,1,0,2,0,7/D,bryankr01
90,Aaron Bummer*,28,CHW,AL,1,0,0,0,0,0,0,0,0,0,0,0,0,,,,,,0,0,0,0,0,0,1,bummeaa01
91,Jake Burger,26,CHW,AL,48,182,167,20,42,9,1,8,26,0,0,10,56,.251,.304,.461,.765,115,77,7,3,1,1,1,5/DH4,burgeja01
92,Byron Buxton,28,MIN,AL,57,238,212,43,50,10,2,20,36,1,0,20,66,.236,.315,.585,.900,153,124,0,5,0,1,0,8D/H,buxtoby01
93,Miguel Cabrera,39,DET,AL,63,246,230,16,69,7,0,3,24,0,0,12,64,.300,.337,.370,.707,106,85,5,2,0,2,2,*D/H,cabremi01
94,Lorenzo Cain,36,MIL,NL,43,156,145,17,26,5,0,1,9,2,2,8,36,.179,.231,.234,.465,32,34,4,2,0,1,0,8/H,cainlo01
95,Kole Calhoun*,34,TEX,AL,67,249,229,26,56,12,1,8,32,2,2,15,61,.245,.297,.410,.708,103,94,3,3,0,2,0,*9/7HD8,calhoko01
96,Willie Calhoun*,27,TEX,AL,18,53,44,7,6,3,0,1,2,0,0,8,6,.136,.283,.273,.556,63,12,1,1,0,0,0,D/7H,calhowi01
97,Johan Camargo#,28,PHI,NL,47,153,139,8,32,3,0,3,15,0,0,13,33,.230,.296,.317,.613,75,44,1,0,1,0,0,65/H43D,camarjo01
98,Daz Cameron,25,DET,AL,18,61,56,5,13,3,1,1,8,2,0,4,18,.232,.295,.375,.670,94,21,1,1,0,0,0,9/8H,camerda01
99,Luis Campusano,23,SDP,NL,4,13,12,1,1,0,0,0,1,0,0,0,2,.083,.077,.083,.160,-53,1,1,0,0,1,0,/DH,campulu01
100,Jeimer Candelario#,28,DET,AL,57,215,201,20,39,7,2,5,18,0,0,12,52,.194,.247,.323,.570,64,65,7,2,0,0,0,*5/DH,candeje01
101,Mark Canha,33,NYM,NL,62,246,215,33,58,5,0,6,29,1,1,23,46,.270,.358,.377,.734,112,81,1,7,0,1,0,*7/98H3,canhama01
102,Robinson Canó*,39,TOT,NL,24,77,74,4,11,0,0,1,4,0,0,3,21,.149,.182,.189,.371,8,14,0,0,0,0,0,4/DH,canoro01
103,Robinson Canó*,39,NYM,NL,12,43,41,3,8,0,0,1,3,0,0,2,11,.195,.233,.268,.501,44,11,0,0,0,0,0,/4DH,canoro01
104,Robinson Canó*,39,SDP,NL,12,34,33,1,3,0,0,0,1,0,0,1,10,.091,.118,.091,.209,-38,3,0,0,0,0,0,/4HD,canoro01
105,Conner Capel*,25,STL,NL,2,0,0,0,0,0,0,0,0,0,0,0,0,,,,,,0,0,0,0,0,0,/D7H,capelco01
106,Vinny Capra,25,TOR,AL,8,7,5,2,1,0,0,0,0,0,0,2,1,.200,.429,.200,.629,88,1,0,0,0,0,0,/HD479,capravi01
107,Victor Caratini#,28,MIL,NL,34,119,97,13,24,3,0,5,13,0,0,17,22,.247,.378,.433,.811,129,42,4,4,0,1,0,2/H,caratvi01
108,Dylan Carlson#,23,STL,NL,58,225,202,25,52,16,2,4,20,4,0,18,37,.257,.324,.416,.740,113,84,3,3,0,2,0,*98/HD,carlsdy01
109,Matt Carpenter*,36,NYY,AL,17,45,35,11,9,1,0,6,13,0,0,8,11,.257,.409,.800,1.209,240,28,0,1,1,0,1,/DH35,carpema01
110,Curt Casali,33,SFG,NL,38,118,103,13,25,3,0,4,14,0,0,12,33,.243,.322,.388,.710,100,40,1,1,0,2,0,2/3D,casalcu01
111,Nick Castellanos,30,PHI,NL,74,311,286,30,71,17,0,7,37,3,1,21,73,.248,.302,.381,.683,93,109,8,2,0,2,0,*9/D7H,casteni01
112,Diego Castillo,28,SEA,AL,2,0,0,0,0,0,0,0,0,0,0,0,0,,,,,,0,0,0,0,0,0,1,castidi01
113,Diego Castillo,24,PIT,NL,61,199,185,20,36,6,0,8,19,1,1,9,51,.195,.236,.357,.593,66,66,6,2,0,3,0,64/9H315,castidi02
114,Harold Castro*,28,DET,AL,49,166,158,18,44,8,2,4,17,0,0,4,30,.278,.299,.430,.729,109,68,3,1,2,1,0,56/3H7148D,castrha01
115,Jason Castro*,35,HOU,AL,33,84,74,5,7,2,0,0,1,1,0,8,39,.095,.190,.122,.312,-7,9,1,1,0,1,0,2/H,castrja01
116,Rodolfo Castro#,23,PIT,NL,21,78,71,6,14,2,1,1,4,2,3,5,19,.197,.269,.296,.565,61,21,3,2,0,0,0,6/45,castrro01
117,Willi Castro#,25,DET,AL,51,172,161,19,42,9,2,2,14,2,3,5,31,.261,.291,.379,.670,93,61,4,3,0,3,0,78/H96D5,castrwi01
118,Gilberto Celestino,23,MIN,AL,49,139,125,13,36,5,1,0,6,0,1,10,29,.288,.350,.344,.694,103,43,6,2,2,0,0,87/H9,celesgi01
119,Yu Chang,26,TOT,MLB,22,59,52,5,7,1,0,1,2,0,1,4,25,.135,.237,.212,.449,30,11,1,3,0,0,0,4/3HD5,changyu01
120,Yu Chang,26,CLE,AL,4,10,10,0,0,0,0,0,0,0,0,0,7,.000,.000,.000,.000,-100,0,0,0,0,0,0,/345H,changyu01
121,Yu Chang,26,PIT,NL,18,49,42,5,7,1,0,1,2,0,1,4,18,.167,.286,.262,.548,58,11,1,3,0,0,0,4/3HD,changyu01
122,Matt Chapman,29,TOR,AL,69,272,243,39,54,14,0,11,35,0,0,25,67,.222,.301,.416,.717,102,101,3,3,0,1,0,*5/H,chapmma01
123,Michael Chavis,26,PIT,NL,64,218,201,22,49,7,2,8,25,1,1,12,62,.244,.289,.418,.707,98,84,1,2,0,3,1,34H/5D,chavimi01
124,Robinson Chirinos,38,BAL,AL,42,142,123,7,20,8,0,2,15,1,0,14,43,.163,.268,.276,.544,57,34,1,4,0,1,0,2/H,chiriro01
125,Jazz Chisholm Jr.*,24,MIA,NL,60,241,213,39,54,10,4,14,45,12,5,21,66,.254,.325,.535,.860,139,114,0,3,0,3,0,*4/H,chishja01
126,Ji-Man Choi*,31,TBR,AL,52,198,167,22,48,13,0,6,35,0,0,29,54,.287,.389,.473,.862,154,79,0,0,0,2,2,3/HD,choiji01
127,Taylor Clarke,29,KCR,AL,3,0,0,0,0,0,0,0,0,0,0,0,0,,,,,,0,0,0,0,0,0,1,clarkta01
128,Kody Clemens*,26,DET,AL,17,41,36,5,5,1,0,1,5,0,0,4,10,.139,.220,.250,.470,37,9,1,0,0,1,0,/7H45D31,clemeko01
129,Ernie Clement,26,CLE,AL,43,117,106,12,20,3,0,0,5,0,1,7,18,.189,.250,.217,.467,37,23,2,2,1,1,0,54H/7D31,clemeer01
130,Dylan Coleman,25,KCR,AL,3,0,0,0,0,0,0,0,0,0,0,0,0,,,,,,0,0,0,0,0,0,1,colemdy01
131,Zack Collins*,27,TOR,AL,23,73,66,7,14,4,0,4,10,0,0,6,29,.212,.288,.455,.742,107,30,0,1,0,0,0,D2/H,colliza01
132,Mark Contreras*,27,MIN,AL,6,10,9,3,1,0,0,0,2,0,0,0,3,.111,.100,.111,.211,-39,1,0,0,0,1,0,/87H,contrma01
133,William Contreras,24,ATL,NL,35,132,117,19,30,8,0,9,18,2,0,15,35,.256,.341,.556,.896,142,65,1,0,0,0,0,2D/H7,contrwi02
134,Willson Contreras,30,CHC,NL,65,279,235,40,64,14,1,12,32,3,1,30,57,.272,.387,.494,.881,146,116,8,14,0,0,0,2D/H,contrwi01
135,Garrett Cooper,31,MIA,NL,65,266,235,23,74,17,1,5,35,0,0,21,62,.315,.380,.460,.839,137,108,1,6,0,4,0,3D/H,coopega03
136,Franchy Cordero*,27,BOS,AL,47,158,138,22,32,11,1,3,20,1,0,17,42,.232,.316,.391,.708,96,54,0,1,0,2,0,39/7HD,cordefr02
137,Carlos Correa,27,MIN,AL,54,238,215,32,64,12,0,9,27,0,0,21,55,.298,.361,.479,.840,141,103,8,1,0,1,0,*6/DH,correca01
138,Brandon Crawford*,35,SFG,NL,63,243,214,26,48,8,2,5,30,1,1,21,50,.224,.313,.350,.663,87,75,7,7,0,1,2,*6/H,crawfbr01
139,J.P. Crawford*,27,SEA,AL,71,301,264,32,69,15,1,5,19,3,1,30,45,.261,.346,.383,.728,114,101,4,5,0,2,0,*6,crawfjp01
140,C.J. Cron,32,COL,NL,75,322,292,45,86,16,2,17,55,0,0,21,86,.295,.349,.538,.887,135,157,10,5,0,3,2,*3D/H,croncj01
141,Jake Cronenworth*,28,SDP,NL,74,334,285,48,68,18,2,7,41,1,0,33,65,.239,.335,.389,.725,112,111,1,10,0,3,1,*4/36D,croneja01
142,Nelson Cruz,41,WSN,NL,71,297,262,34,64,12,0,8,44,2,0,31,66,.244,.325,.382,.707,105,100,9,1,0,1,1,*D,cruzne02
143,Oneil Cruz*,23,PIT,NL,9,36,36,5,8,3,0,1,8,1,0,0,11,.222,.222,.389,.611,70,14,0,0,0,0,0,/6H,cruzon01
144,Charlie Culberson,33,TEX,AL,40,74,67,13,17,1,0,0,7,2,2,4,21,.254,.296,.269,.564,66,18,1,0,3,0,0,5H/74D1,culbech01
145,Travis d'Arnaud,33,ATL,NL,50,209,197,32,54,14,0,11,36,0,0,6,41,.274,.316,.513,.828,123,101,5,6,0,0,0,*2,darnatr01
146,Bobby Dalbec,27,BOS,AL,69,208,184,23,38,6,1,5,18,2,0,19,58,.207,.288,.332,.620,72,61,3,3,0,2,0,*3H/54D,dalbebo01
147,Matt Davidson,31,TOT,MLB,13,37,34,3,5,0,0,2,3,0,1,3,13,.147,.216,.324,.540,55,11,0,0,0,0,0,/5DH3,davidma02
148,Matt Davidson,31,ARI,NL,5,13,10,1,1,0,0,1,1,0,0,3,3,.100,.308,.400,.708,101,4,0,0,0,0,0,/5DH,davidma02
149,Matt Davidson,31,OAK,AL,8,24,24,2,4,0,0,1,2,0,1,0,10,.167,.167,.292,.458,32,7,0,0,0,0,0,/53DH,davidma02
150,J.D. Davis,29,NYM,NL,51,171,148,22,36,7,1,2,14,1,1,17,52,.243,.333,.345,.678,96,51,7,4,0,2,0,D5H/3,davisjd01
151,Jaylin Davis,27,BOS,AL,2,4,4,0,2,0,0,0,0,0,0,0,2,.500,.500,.500,1.000,180,2,0,0,0,0,0,/7H,davisja03
152,Jonathan Davis,30,MIL,NL,6,21,18,1,5,0,0,0,1,1,0,3,6,.278,.381,.278,.659,91,5,0,0,0,0,0,/8,davisjo05
153,Ronnie Dawson*,27,CIN,NL,1,3,3,0,0,0,0,0,0,0,0,0,2,.000,.000,.000,.000,-100,0,0,0,0,0,0,/D,dawsoro01
154,Yonathan Daza,28,COL,NL,61,213,193,27,60,9,1,0,17,0,3,15,24,.311,.366,.368,.734,100,71,7,3,0,2,0,*87/H,dazayo01
155,Bryan De La Cruz,25,MIA,NL,56,145,133,15,28,4,0,4,14,2,0,10,35,.211,.269,.331,.600,69,44,2,1,0,1,0,*879H/D,delacbr01
156,Paul DeJong,28,STL,NL,24,86,77,6,10,3,0,1,7,3,0,7,25,.130,.209,.208,.417,22,16,1,1,0,1,0,6,dejonpa01
157,Jason Delay,27,PIT,NL,1,3,2,0,0,0,0,0,0,0,0,1,0,.000,.333,.000,.333,6,0,1,0,0,0,0,/2,delayja01
158,Travis Demeritte,27,ATL,NL,26,96,89,9,19,2,0,3,6,0,0,6,32,.213,.260,.337,.597,63,30,2,0,0,1,0,9/7H,demertr01
159,Rafael Devers*,25,BOS,AL,73,323,295,55,98,26,1,17,45,2,0,23,55,.332,.390,.600,.990,170,177,5,5,0,0,5,*5/DH,deverra01
160,Aledmys Díaz,31,HOU,AL,43,139,131,11,28,2,0,3,14,0,1,7,26,.214,.259,.298,.557,60,39,4,1,0,0,0,64/H537D9,diazal02
161,Edwin Díaz,28,NYM,NL,1,0,0,0,0,0,0,0,0,0,0,0,0,,,,,,0,0,0,0,0,0,1,diazed04
162,Elias Diaz,31,COL,NL,52,184,169,15,38,6,1,5,20,0,0,13,38,.225,.277,.361,.638,71,61,5,0,0,2,0,*2/H,diazel01
163,Lewin Diaz*,25,MIA,NL,3,10,10,1,1,1,0,0,0,0,0,0,5,.100,.100,.200,.300,-18,2,0,0,0,0,0,/3DH,diazle01
164,Yandy Díaz,30,TBR,AL,65,260,218,30,58,9,0,3,15,1,3,39,29,.266,.385,.349,.733,120,76,4,3,0,0,0,53/HD,diazya01
165,Alex Dickerson*,32,ATL,NL,13,36,33,3,4,0,0,1,2,0,0,3,9,.121,.194,.212,.407,12,7,3,0,0,0,0,D/H9,dickeal01
166,Corey Dickerson*,33,STL,NL,38,106,98,11,19,3,0,2,11,0,0,6,20,.194,.245,.286,.531,54,28,1,1,0,1,1,D7/H9,dickeco01
167,Josh Donaldson,36,NYY,AL,57,239,205,22,47,14,0,6,22,1,1,28,61,.229,.326,.385,.712,106,79,5,3,0,3,0,5D/H,donaljo02
168,Brendan Donovan*,25,STL,NL,56,205,173,28,54,14,1,2,25,2,2,26,37,.312,.420,.439,.859,150,76,3,6,0,0,1,5493/76HD,donovbr01
169,Jeter Downs,23,BOS,AL,1,4,4,0,0,0,0,0,0,0,0,0,3,.000,.000,.000,.000,-100,0,0,0,0,0,0,/5,downsje01
170,Hunter Dozier,30,KCR,AL,65,263,239,32,60,13,2,7,22,2,3,21,61,.251,.319,.410,.729,105,98,4,3,0,0,0,39D/75H,doziehu01
171,Brandon Drury,29,CIN,NL,63,262,239,46,66,14,1,15,39,1,2,19,55,.276,.336,.531,.867,128,127,6,3,0,1,0,54/D3H6,drurybr01
172,Mauricio Dubon,27,TOT,MLB,43,106,96,14,23,4,0,3,15,1,3,6,5,.240,.276,.375,.651,84,36,1,0,1,3,0,86H/45D79,dubonma01
173,Mauricio Dubon,27,SFG,NL,21,49,46,10,11,1,0,2,8,0,0,1,4,.239,.245,.391,.636,76,18,0,0,0,2,0,8/H654D,dubonma01
174,Mauricio Dubon,27,HOU,AL,22,57,50,4,12,3,0,1,7,1,3,5,1,.240,.304,.360,.664,91,18,1,0,1,1,0,/864H79,dubonma01
175,Matt Duffy,31,LAA,AL,45,143,134,7,35,4,0,0,5,0,0,9,30,.261,.308,.291,.599,73,39,2,0,0,0,0,543H,duffyma01
176,Steven Duggar*,28,TOT,MLB,14,44,41,3,9,3,0,0,4,4,1,2,18,.220,.250,.293,.543,53,12,0,0,0,1,0,8/7,duggast01
177,Steven Duggar*,28,SFG,NL,12,39,36,2,7,3,0,0,4,4,0,2,16,.194,.231,.278,.509,43,10,0,0,0,1,0,8/7,duggast01
178,Steven Duggar*,28,TEX,AL,2,5,5,1,2,0,0,0,0,0,1,0,2,.400,.400,.400,.800,134,2,0,0,0,0,0,/87,duggast01
179,Joe Dunand,26,MIA,NL,3,11,10,2,3,1,0,1,1,0,0,0,3,.300,.364,.700,1.064,193,7,0,1,0,0,0,/45,dunanjo01
180,Ezequiel Duran,23,TEX,AL,16,64,62,9,16,3,1,2,8,2,1,2,17,.258,.281,.435,.717,104,27,1,0,0,0,0,5/4,duranez01
181,Jarren Duran*,25,BOS,AL,13,57,52,9,17,5,2,0,3,4,1,4,11,.327,.386,.500,.886,144,26,0,1,0,0,0,8/D9,duranja01
182,Adam Duvall,33,ATL,NL,73,277,251,32,50,12,1,8,28,0,0,21,89,.199,.267,.351,.618,69,88,2,3,0,2,0,*87/9H,duvalad01
183,Tommy Edman#,27,STL,NL,75,331,298,58,81,12,3,7,32,19,3,29,60,.272,.342,.403,.745,115,120,5,3,1,0,0,46/8,edmanto01
184,Drew Ellis,26,TOT,MLB,7,17,16,2,3,1,0,0,1,0,0,1,7,.188,.235,.250,.485,40,4,0,0,0,0,0,/5,ellisdr01
185,Drew Ellis,26,ARI,NL,6,14,13,2,2,1,0,0,1,0,0,1,6,.154,.214,.231,.445,28,3,0,0,0,0,0,/5,ellisdr01
186,Drew Ellis,26,SEA,AL,1,3,3,0,1,0,0,0,0,0,0,0,1,.333,.333,.333,.667,97,1,0,0,0,0,0,/5,ellisdr01
187,Jerar Encarnacion,24,MIA,NL,2,8,8,2,1,0,0,1,4,1,0,0,1,.125,.125,.500,.625,66,4,1,0,0,0,0,/9,encarje01
188,Adam Engel,30,CHW,AL,56,158,146,18,35,11,1,1,10,9,1,10,44,.240,.297,.349,.647,85,51,1,2,0,0,1,*98H/D,engelad01
189,Alcides Escobar,35,WSN,NL,36,128,121,11,27,4,2,0,8,1,1,5,31,.223,.266,.289,.555,62,35,1,2,0,0,0,6/H,escobal02
190,Eduardo Escobar#,33,NYM,NL,69,290,261,30,58,16,3,6,30,0,1,24,74,.222,.283,.375,.658,87,98,1,0,0,5,0,*5/D4,escobed01
191,Santiago Espinal,27,TOR,AL,74,285,261,27,69,18,0,5,33,3,2,20,52,.264,.316,.391,.707,100,102,9,1,0,3,1,*4/5H6,espinsa01
192,Thairo Estrada,26,SFG,NL,69,266,242,40,63,12,1,6,31,11,2,16,41,.260,.316,.393,.708,99,95,6,5,0,3,0,*4/67H58,estrath01
193,Stuart Fairchild,26,TOT,MLB,8,11,11,1,0,0,0,0,0,0,0,0,5,.000,.000,.000,.000,-100,0,0,0,0,0,0,/87H,faircst01
194,Stuart Fairchild,26,SEA,AL,3,3,3,0,0,0,0,0,0,0,0,0,2,.000,.000,.000,.000,-100,0,0,0,0,0,0,/7H,faircst01
195,Stuart Fairchild,26,SFG,NL,5,8,8,1,0,0,0,0,0,0,0,0,3,.000,.000,.000,.000,-100,0,0,0,0,0,0,/8,faircst01
196,Jeurys Familia,32,PHI,NL,1,0,0,0,0,0,0,0,0,0,0,0,0,,,,,,0,0,0,0,0,0,1,familje01
197,Kyle Farmer,31,CIN,NL,63,251,225,27,63,16,0,5,38,4,1,16,37,.280,.340,.418,.758,102,94,10,6,1,3,0,*6/D,farmeky01
198,David Fletcher,28,LAA,AL,14,41,38,2,6,2,1,0,2,0,0,3,2,.158,.220,.263,.483,38,10,2,0,0,0,0,/64H,fletcda02
199,Wilmer Flores,30,SFG,NL,68,274,243,38,59,13,0,9,40,0,0,23,43,.243,.318,.407,.725,103,99,3,5,0,3,1,53D4/H,florewi01
200,Estevan Florial*,24,NYY,AL,4,12,11,0,0,0,0,0,0,1,0,1,4,.000,.083,.000,.083,-73,0,0,0,0,0,0,/8DH,flories01
201,Mike Ford*,29,TOT,MLB,19,46,36,1,6,1,0,0,5,0,0,9,14,.167,.348,.194,.542,64,7,0,1,0,0,0,D/H3,fordmi01
202,Mike Ford*,29,TOT,NL,3,8,7,0,1,0,0,0,2,0,0,1,2,.143,.250,.143,.393,14,1,0,0,0,0,0,/3DH,fordmi01
203,Mike Ford*,29,SFG,NL,1,4,4,0,1,0,0,0,2,0,0,0,0,.250,.250,.250,.500,42,1,0,0,0,0,0,/3,fordmi01
204,Mike Ford*,29,SEA,AL,16,38,29,1,5,1,0,0,3,0,0,8,12,.172,.368,.207,.575,76,6,0,1,0,0,0,D/H3,fordmi01
205,Mike Ford*,29,ATL,NL,2,4,3,0,0,0,0,0,0,0,0,1,2,.000,.250,.000,.250,-23,0,0,0,0,0,0,/DH,fordmi01
206,Nick Fortes,25,MIA,NL,14,47,40,16,12,2,0,3,8,2,0,5,5,.300,.404,.575,.979,174,23,1,2,0,0,0,2/HD,forteni01
207,Matt Foster,27,CHW,AL,1,0,0,0,0,0,0,0,0,0,0,0,0,,,,,,0,0,0,0,0,0,1,fostema01
208,Lucius Fox#,24,WSN,NL,10,28,25,2,2,0,0,0,2,1,0,1,9,.080,.115,.080,.195,-42,2,1,0,2,0,0,/65H,foxlu01
209,Jake Fraley*,27,CIN,NL,15,48,43,5,5,2,0,1,3,1,0,4,12,.116,.208,.233,.441,18,10,0,1,0,0,0,/89DH7,fraleja01
210,Ty France,27,SEA,AL,70,311,275,32,87,14,0,10,45,0,0,20,43,.316,.390,.476,.867,153,131,5,14,0,1,1,*3/D,francty01
211,Maikel Franco,29,WSN,NL,74,294,281,23,70,15,0,7,34,0,0,10,57,.249,.272,.377,.649,87,106,14,0,0,3,0,*5/3H,francma02
212,Wander Franco#,21,TBR,AL,47,199,186,27,49,11,2,4,20,4,0,10,21,.263,.296,.409,.705,106,76,3,0,0,3,1,6/DH,francwa01
213,Adam Frazier*,30,SEA,AL,75,308,276,28,61,12,1,2,21,2,4,28,35,.221,.293,.293,.587,73,81,7,1,1,2,1,*49/HD7,fraziad01
214,Jackson Frazier,27,CHC,NL,19,45,37,4,8,3,0,0,1,1,0,7,11,.216,.356,.297,.653,87,11,1,1,0,0,0,/DH79,frazicl01
215,Freddie Freeman*,32,LAD,NL,73,330,288,48,88,24,2,8,46,7,0,37,58,.306,.388,.486,.874,141,140,4,3,0,2,4,*3,freemfr01
216,TJ Friedl*,26,CIN,NL,29,100,90,13,18,4,2,0,7,5,0,5,18,.200,.250,.289,.539,44,26,2,2,0,3,0,89/H7D,friedtj01
217,Cam Gallagher,29,KCR,AL,11,27,24,1,7,4,0,0,5,0,0,2,7,.292,.346,.458,.804,126,11,0,0,1,0,0,2,gallaca01
218,Joey Gallo*,28,NYY,AL,62,214,186,24,31,4,0,9,18,1,0,28,84,.167,.276,.333,.609,76,62,0,0,0,0,0,*79/HD,gallojo01
219,Ben Gamel*,30,PIT,NL,45,160,140,20,36,7,1,3,17,3,1,20,37,.257,.350,.386,.736,110,54,0,0,0,0,0,7/H9D8,gamelbe01
220,Adolis García,29,TEX,AL,71,302,282,46,73,14,3,15,49,11,2,15,80,.259,.298,.489,.787,123,138,3,2,0,3,1,*89/D,garciad02
221,Aramis Garcia,29,CIN,NL,41,107,100,5,21,2,0,1,4,0,1,3,30,.210,.248,.260,.508,37,26,4,2,2,0,0,2/3DH,garciar01
222,Avisail Garcia,31,MIA,NL,60,243,229,21,52,7,0,5,21,3,0,8,67,.227,.263,.323,.587,65,74,5,4,0,2,0,*9/DH,garciav01
223,Leury Garcia#,31,CHW,AL,53,188,178,19,35,6,0,2,12,1,0,5,40,.197,.219,.264,.483,38,47,3,1,1,3,0,4/967H8D,garcile02
224,Luis Garcia*,22,WSN,NL,26,102,99,12,33,8,1,2,11,0,2,1,19,.333,.343,.495,.838,141,49,2,1,0,1,0,6/H,garcilu04
225,Kyle Garlick,30,MIN,AL,33,81,73,12,20,1,0,6,15,0,0,6,18,.274,.333,.534,.868,146,39,2,1,0,1,0,7H/9D,garliky01
226,Dustin Garneau,34,DET,AL,8,11,10,1,3,1,0,0,1,0,0,1,4,.300,.364,.400,.764,123,4,0,0,0,0,0,/2H,garnedu01
227,Mitch Garver,31,TEX,AL,44,176,154,18,32,6,0,8,18,1,1,19,45,.208,.295,.403,.698,100,62,3,1,0,2,0,D2/H,garvemi01
228,Lucas Gilbreath*,26,COL,NL,1,0,0,0,0,0,0,0,0,0,0,0,0,,,,,,0,0,0,0,0,0,1,gilbrlu01
229,Andres Gimenez*,23,CLE,AL,62,222,203,24,63,10,2,8,35,6,1,10,45,.310,.356,.498,.854,143,101,4,5,3,1,1,46/H,gimenan01
230,Jose Godoy*,27,MIN,AL,2,5,3,2,0,0,0,0,0,0,0,2,2,.000,.400,.000,.400,31,0,0,0,0,0,0,/2,godoyjo01
231,Paul Goldschmidt,34,STL,NL,73,321,277,56,96,24,0,19,65,3,0,41,62,.347,.429,.639,1.068,205,177,3,0,0,1,1,*3D,goldspa01
232,Yan Gomes,34,CHC,NL,38,128,126,9,29,5,0,3,8,0,0,2,23,.230,.242,.341,.583,62,43,7,0,0,0,0,2/DH,gomesya01
233,Erik Gonzalez,30,MIA,NL,15,41,37,4,7,1,0,0,3,1,0,4,12,.189,.268,.216,.485,40,8,1,0,0,0,0,/654,gonzaer01
234,Luis Gonzalez*,26,SFG,NL,49,180,159,20,48,12,1,3,24,7,2,15,37,.302,.361,.447,.808,127,71,2,2,0,4,0,97/81HD,gonzalu03
235,Marwin Gonzalez#,33,NYY,AL,42,99,91,11,24,7,0,3,9,0,0,6,25,.264,.313,.440,.753,115,40,3,1,0,1,0,69/57H34D,gonzama01
236,Oscar Gonzalez,24,CLE,AL,31,126,119,12,35,12,0,2,14,0,0,5,28,.294,.325,.445,.771,120,53,1,1,0,1,0,9/DH,gonzaos01
237,Niko Goodrum#,30,HOU,AL,15,45,43,2,5,2,0,0,1,1,0,2,23,.116,.156,.163,.318,-8,7,0,0,0,0,0,4/3DH,goodrni01
238,Nick Gordon*,26,MIN,AL,58,175,163,18,42,6,3,3,11,3,3,7,42,.258,.301,.387,.687,98,63,3,3,2,0,0,786/H4D1,gordoni01
239,Nolan Gorman*,22,STL,NL,35,128,118,20,30,5,0,6,17,0,0,8,40,.254,.313,.449,.762,118,53,1,2,0,0,0,4/DH,gormano01
240,Phil Gosselin,33,ATL,NL,5,10,10,2,2,0,0,0,0,0,0,0,4,.200,.200,.200,.400,11,2,0,0,0,0,0,/4H9,gosseph01
241,Yasmani Grandal#,33,CHW,AL,50,201,173,6,32,3,0,2,15,1,0,27,45,.185,.294,.237,.531,55,41,4,0,0,1,1,2D/3H,grandya01
242,Kendall Graveman,31,CHW,AL,1,0,0,0,0,0,0,0,0,0,0,0,0,,,,,,0,0,0,0,0,0,1,graveke01
243,Riley Greene*,21,DET,AL,9,39,31,7,9,1,0,0,2,1,0,8,6,.290,.436,.323,.758,126,10,0,0,0,0,0,/8,greenri03
244,Didi Gregorius*,32,PHI,NL,38,143,129,13,34,8,3,0,12,0,0,10,23,.264,.329,.372,.701,99,48,0,3,0,1,0,6/H,gregodi01
245,Grayson Greiner,29,ARI,NL,2,8,6,0,1,0,0,0,0,0,0,2,3,.167,.375,.167,.542,63,1,0,0,0,0,0,/2,greingr01
246,Randal Grichuk,30,COL,NL,62,241,224,27,57,8,0,8,35,2,0,12,65,.254,.299,.397,.696,86,89,5,3,0,2,0,*98/D1H,grichra01
247,Justin Grimm,33,OAK,AL,1,0,0,0,0,0,0,0,0,0,0,0,0,,,,,,0,0,0,0,0,0,1,grimmju01
248,Trent Grisham*,25,SDP,NL,73,281,240,29,45,10,2,6,28,2,0,31,72,.188,.287,.321,.608,78,77,2,3,6,1,0,*8/H,grishtr01
249,Robbie Grossman#,32,DET,AL,58,230,196,19,42,8,0,2,18,2,1,27,69,.214,.317,.286,.603,78,56,2,4,0,3,0,*97/DH,grossro01
250,Vladimir Guerrero Jr.,23,TOR,AL,73,316,273,42,74,10,0,18,46,0,1,37,55,.271,.364,.505,.869,145,138,11,4,0,2,4,*3D/5H,guerrvl02
251,Luis Guillorme*,27,NYM,NL,53,171,151,22,47,6,0,1,7,1,0,18,22,.311,.385,.371,.755,119,56,8,0,2,0,0,4/56HD,guilllu01
252,Lourdes Gurriel Jr.,28,TOR,AL,67,262,240,28,68,18,0,4,33,2,1,15,48,.283,.336,.408,.744,111,98,4,5,0,2,0,*7/D3H,gurrilo01
253,Yuli Gurriel,38,HOU,AL,67,264,246,24,56,21,0,6,21,3,0,14,37,.228,.277,.386,.663,89,95,7,3,0,1,0,*3/H,gourryu01
254,Kelvin Gutierrez,27,BAL,AL,12,33,28,2,4,1,0,0,3,1,0,4,8,.143,.250,.179,.429,26,5,1,0,0,0,0,5/HD,gutieke01
255,Eric Haase,29,DET,AL,42,125,117,15,25,4,1,4,13,0,0,8,32,.214,.264,.368,.632,82,43,4,0,0,0,0,2H/7D,haaseer01
256,Jake Hager,29,ARI,NL,22,55,46,3,11,1,0,0,3,0,0,8,16,.239,.352,.261,.613,79,12,0,0,1,0,0,4/561DH,hagerja01
257,Sam Haggerty#,28,SEA,AL,13,18,16,2,3,1,0,0,1,1,0,0,4,.188,.278,.250,.528,57,4,0,2,0,0,0,/HD749,haggesa01
258,Garrett Hampson,27,COL,NL,33,98,85,15,20,2,2,2,9,2,1,11,24,.235,.323,.376,.699,88,32,2,0,2,0,0,68/4H5D,hampsga01
259,Mitch Haniger,31,SEA,AL,9,36,35,3,7,1,0,3,7,0,0,1,9,.200,.222,.486,.708,100,17,2,0,0,0,0,/9D,hanigmi01
260,Ian Happ#,27,CHC,NL,72,292,249,33,68,16,2,8,36,5,2,37,57,.273,.370,.450,.820,129,112,7,3,0,3,3,*7/DH8,happia01
261,Bryce Harper*,29,PHI,NL,64,275,242,49,77,21,1,15,48,9,2,26,52,.318,.385,.599,.985,175,145,9,3,0,4,4,*D/9H,harpebr03
262,Michael Harris*,21,ATL,NL,29,111,107,19,35,7,2,3,14,3,0,3,28,.327,.351,.514,.865,135,55,0,1,0,0,0,8,harrimi04
263,Josh Harrison,34,CHW,AL,51,173,154,23,36,8,2,2,13,1,0,8,27,.234,.308,.351,.659,88,54,5,9,1,1,0,45/HD716,harrijo05
264,Monte Harrison,26,LAA,AL,4,5,4,2,0,0,0,0,0,0,0,1,4,.000,.200,.000,.200,-36,0,0,0,0,0,0,/78H,harrimo01
265,Adam Haseley*,26,CHW,AL,8,21,18,1,4,0,0,0,1,0,0,2,6,.222,.300,.222,.522,53,4,0,0,1,0,0,/89D7H,haselad01
266,Ke'Bryan Hayes,25,PIT,NL,66,280,251,32,66,15,2,3,24,8,3,26,62,.263,.336,.375,.710,102,94,3,2,0,1,0,*5/6,hayeske01
267,Austin Hays,26,BAL,AL,71,297,272,39,77,19,1,11,45,1,3,19,53,.283,.340,.482,.822,133,131,6,5,0,1,0,*79/D8H,haysau01
268,Austin Hedges,29,CLE,AL,49,160,144,13,23,1,0,5,15,1,0,10,40,.160,.223,.271,.494,42,39,5,2,3,1,0,2,hedgeau01
269,Jonah Heim#,27,TEX,AL,54,198,180,25,45,9,0,10,29,2,0,16,38,.250,.308,.467,.775,121,84,4,0,0,2,0,2/HD,heimjo01
270,Tyler Heineman#,31,TOT,MLB,33,90,82,9,16,4,0,0,4,1,0,5,11,.195,.250,.244,.494,42,20,2,1,2,0,0,2/HD,heinety01
271,Tyler Heineman#,31,TOR,AL,10,16,15,2,4,2,0,0,1,0,0,0,4,.267,.267,.400,.667,87,6,1,0,1,0,0,/2DH,heinety01
272,Tyler Heineman#,31,PIT,NL,23,74,67,7,12,2,0,0,3,1,0,5,7,.179,.247,.209,.456,32,14,1,1,1,0,0,2/H,heinety01
273,Liam Hendriks,33,CHW,AL,1,0,0,0,0,0,0,0,0,0,0,0,0,,,,,,0,0,0,0,0,0,1,hendrli01
274,Ryan Hendrix,27,CIN,NL,1,0,0,0,0,0,0,0,0,0,0,0,0,,,,,,0,0,0,0,0,0,/1,hendrry01
275,Payton Henry,25,MIA,NL,15,35,28,2,4,0,0,0,4,0,0,5,8,.143,.314,.143,.457,36,4,0,2,0,0,0,2/H,henrypa01
276,Guillermo Heredia,31,ATL,NL,38,60,54,9,7,2,1,3,6,0,0,6,26,.130,.217,.370,.587,58,20,1,0,0,0,0,79/H8D,heredgu01
277,Michael Hermosillo,27,CHC,NL,17,35,28,2,2,1,0,0,2,0,0,4,14,.071,.257,.107,.364,8,3,0,3,0,0,0,8/H97,hermomi01
278,Cesar Hernandez#,32,WSN,NL,76,338,309,41,81,17,2,0,18,3,2,24,59,.262,.320,.330,.651,90,102,5,3,1,1,0,*4/H,hernace02
279,Enrique Hernandez,30,BOS,AL,51,238,215,27,45,16,0,4,24,0,1,18,38,.209,.273,.340,.613,69,73,5,2,0,3,0,*8/6,hernaen02
280,Teoscar Hernandez,29,TOR,AL,50,207,194,24,49,13,1,7,29,3,2,11,57,.253,.300,.438,.738,107,85,5,2,0,0,0,9/D7H,hernate01
281,Yadiel Hernández*,34,WSN,NL,57,206,191,18,52,12,0,4,29,2,1,13,47,.272,.316,.398,.713,106,76,6,0,0,2,0,7/DH,hernaya01
282,Yonny Hernandez#,24,ARI,NL,12,28,24,2,2,0,0,0,0,2,0,2,4,.083,.154,.083,.237,-29,2,0,0,2,0,0,5/4H,hernayo02
283,Ivan Herrera,22,STL,NL,10,18,14,0,2,0,0,0,1,0,0,2,7,.143,.235,.143,.378,13,2,0,0,1,1,0,2,herreiv01
284,Jose Herrera#,25,ARI,NL,33,90,83,6,16,2,0,0,4,0,0,6,28,.193,.247,.217,.464,35,18,0,0,1,0,0,2/DH,herrejo04
285,Odubel Herrera*,30,PHI,NL,49,161,152,18,35,9,1,5,18,4,0,8,33,.230,.267,.401,.668,87,61,3,0,0,1,0,8/7H9,herreod01
286,Jason Heyward*,32,CHC,NL,48,151,137,15,28,5,1,1,10,1,0,11,32,.204,.278,.277,.556,57,38,3,3,0,0,0,89/H,heywaja01
287,Brewer Hicklen,26,KCR,AL,2,2,2,0,0,0,0,0,0,0,0,0,2,.000,.000,.000,.000,-100,0,0,0,0,0,0,/89,hicklbr01
288,Aaron Hicks#,32,NYY,AL,65,232,194,24,42,2,1,3,18,7,3,32,53,.216,.338,.284,.621,83,55,4,4,1,1,2,*87/H,hicksaa01
289,Kyle Higashioka,32,NYY,AL,41,122,111,14,19,4,0,4,12,0,0,6,28,.171,.217,.315,.532,52,35,1,1,2,2,0,2/H,higasky01
290,P.J. Higgins,29,CHC,NL,22,58,51,6,14,2,1,2,9,0,0,5,10,.275,.351,.471,.821,129,24,0,1,1,0,0,2/35HD,higgipj01
291,Derek Hill,26,DET,AL,31,92,83,8,19,2,0,1,3,3,0,5,28,.229,.270,.289,.559,63,24,0,0,3,1,0,8/H,hillde01
292,Sam Hilliard*,28,COL,NL,41,126,112,13,18,4,1,2,12,2,1,12,34,.161,.238,.268,.506,37,30,2,0,0,2,0,78/H9,hillisa01
293,Keston Hiura,25,MIL,NL,36,119,101,16,21,1,0,6,14,3,1,13,55,.208,.328,.396,.724,103,40,0,5,0,0,0,34/DH7,hiurake01
294,Nico Hoerner,25,CHC,NL,59,216,204,20,62,6,3,4,22,6,1,8,21,.304,.338,.422,.760,112,86,3,3,0,1,2,*6/H5,hoernni01
295,Jeff Hoffman,29,CIN,NL,1,0,0,0,0,0,0,0,0,0,0,0,0,,,,,,0,0,0,0,0,0,1,hoffmje02
296,Rhys Hoskins,29,PHI,NL,74,316,276,38,68,14,2,13,37,0,0,37,80,.246,.339,.453,.792,123,125,6,2,0,1,0,*3/H,hoskirh01
297,Eric Hosmer*,32,SDP,NL,68,282,257,27,72,14,0,6,32,0,0,24,48,.280,.340,.405,.745,117,104,6,0,0,1,5,*3/D,hosmeer01
298,Sam Huff,24,TEX,AL,27,75,71,4,20,2,0,1,5,1,0,4,21,.282,.320,.352,.672,95,25,1,0,0,0,0,2/H3D,huffsa01
299,Brandon Hughes#,26,CHC,NL,1,0,0,0,0,0,0,0,0,0,0,0,0,,,,,,0,0,0,0,0,0,1,hughebr01
300,Cooper Hummel#,27,ARI,NL,41,120,101,10,18,4,2,2,9,2,0,19,38,.178,.308,.317,.625,80,32,2,0,0,0,0,H7D/29,hummeco01
301,Andy Ibáñez,29,TEX,AL,40,128,119,13,26,4,0,1,9,3,0,9,21,.218,.273,.277,.551,61,33,0,0,0,0,0,5/D34H,ibanean01
302,José Iglesias,32,COL,NL,61,238,222,21,66,15,0,1,21,2,2,11,24,.297,.345,.378,.723,96,84,8,5,0,0,0,*6,iglesjo01
303,Ender Inciarte*,31,NYM,NL,1,2,2,0,0,0,0,0,0,0,0,0,0,.000,.000,.000,.000,-100,0,0,0,0,0,0,/8,inciaen01
304,Jonathan India,25,CIN,NL,22,95,88,8,20,3,0,2,9,1,2,3,22,.227,.284,.330,.614,64,29,1,4,0,0,0,4/DH,indiajo01
305,Kyle Isbel*,25,KCR,AL,39,106,101,9,22,4,1,1,9,2,1,3,25,.218,.245,.307,.552,56,31,4,1,0,1,0,98/H7D,isbelky01
306,Alex Jackson,26,MIL,NL,5,12,12,0,3,0,0,0,0,0,0,0,7,.250,.250,.250,.500,42,3,0,0,0,0,0,/2H,jacksal02
307,Drew Jackson,28,OAK,AL,3,3,3,0,0,0,0,0,0,0,0,0,1,.000,.000,.000,.000,-100,0,0,0,0,0,0,/957H,jacksdr01
308,Travis Jankowski*,31,NYM,NL,33,48,43,11,9,0,0,0,2,3,0,5,7,.209,.292,.209,.501,48,9,0,0,0,0,0,7H8/9D,jankotr01
309,Danny Jansen,27,TOR,AL,19,62,56,9,13,1,0,7,13,0,0,3,10,.232,.290,.625,.915,151,35,0,2,0,1,0,2/H,janseda01
310,Ryan Jeffers,25,MIN,AL,51,184,163,19,33,9,0,5,20,0,0,20,52,.202,.290,.350,.639,85,57,2,0,1,0,0,2/DH,jeffery01
311,Eloy Jiménez,25,CHW,AL,11,39,36,2,8,1,0,1,7,0,0,2,10,.222,.256,.333,.590,67,12,0,0,0,1,0,/7D,jimenel02
312,Connor Joe,29,COL,NL,69,313,271,39,75,12,3,5,16,4,2,39,63,.277,.374,.399,.772,109,108,6,3,0,0,0,7D3/9H,joeco01
313,Aaron Judge,30,NYY,AL,73,321,280,60,81,11,0,28,57,5,0,35,81,.289,.364,.629,.992,181,176,9,0,0,4,6,*89D/H,judgeaa01
314,James Kaprielian,28,OAK,AL,1,0,0,0,0,0,0,0,0,0,0,0,0,,,,,,0,0,0,0,0,0,1/DH,kaprija01
315,Gosuke Katoh*,27,TOR,AL,8,11,7,2,1,1,0,0,0,0,0,3,1,.143,.400,.286,.686,101,2,0,0,1,0,0,/3H4D,katohgo01
316,Jarred Kelenic*,22,SEA,AL,30,96,86,10,12,2,1,3,10,4,2,9,36,.140,.219,.291,.509,48,25,1,0,0,1,0,9/HD87,kelenja01
317,Carson Kelly,27,ARI,NL,31,102,93,8,12,3,0,1,8,0,0,5,25,.129,.186,.194,.380,9,18,3,2,0,2,0,2/HD1,kellyca02
318,Tony Kemp*,30,OAK,AL,70,268,235,24,52,9,0,2,12,5,1,23,36,.221,.301,.285,.586,75,67,4,5,2,3,0,*47/HD,kempto01
319,Buddy Kennedy,23,ARI,NL,9,31,26,5,4,1,1,1,8,0,0,3,9,.154,.258,.385,.643,81,10,0,1,0,1,0,/4DH,kennebu01
320,Max Kepler*,29,MIN,AL,66,264,224,32,53,11,1,7,33,2,1,34,39,.237,.341,.388,.729,111,87,6,3,0,3,0,*9/8HD,keplema01
321,Kevin Kiermaier*,32,TBR,AL,56,189,179,26,41,6,0,7,17,5,1,9,55,.229,.270,.380,.650,90,68,2,1,0,0,0,*8/DH,kiermke01
322,Ha-Seong Kim,26,SDP,NL,68,267,235,28,53,12,2,4,25,4,2,25,51,.226,.311,.345,.656,92,81,6,5,0,2,0,*65/H,kimha01
323,Isiah Kiner-Falefa,27,NYY,AL,66,248,225,36,60,11,0,0,18,11,3,16,37,.267,.320,.316,.635,86,71,8,3,1,3,2,*6,kineris01
324,Scott Kingery,28,PHI,NL,1,0,0,0,0,0,0,0,0,0,0,0,0,,,,,,0,0,0,0,0,0,/4,kingesc01
325,Alex Kirilloff*,24,MIN,AL,21,72,65,6,15,4,0,0,10,0,0,2,20,.231,.268,.292,.560,63,19,1,2,0,2,0,3/7D9H,kirilal01
326,Alejandro Kirk,23,TOR,AL,65,237,203,36,66,11,0,10,31,0,0,29,23,.325,.414,.527,.941,166,107,6,3,0,2,1,2DH,kirkal01
327,Andrew Knapp#,30,PIT,NL,11,35,31,2,4,1,0,0,2,0,0,3,9,.129,.229,.161,.390,14,5,0,1,0,0,0,2/H,knappan01
328,Andrew Knizner,27,STL,NL,45,136,119,9,22,4,0,1,12,0,0,13,29,.185,.281,.244,.525,54,29,3,3,1,0,0,2/H3D,kniznan01
329,Mark Kolozsvary,26,CIN,NL,6,11,11,0,1,1,0,0,1,0,0,0,5,.091,.091,.182,.273,-29,2,1,0,0,0,0,/2,kolozma01
330,Jason Krizan*,33,SFG,NL,3,10,8,0,1,0,0,0,0,0,0,2,3,.125,.300,.125,.425,26,1,0,0,0,0,0,/7,krizaja01
331,Joel Kuhnel,27,CIN,NL,1,0,0,0,0,0,0,0,0,0,0,0,0,,,,,,0,0,0,0,0,0,1,kuhnejo01
332,Steven Kwan*,24,CLE,AL,59,233,201,29,56,7,3,1,18,4,2,26,18,.279,.365,.358,.723,110,72,2,3,0,3,1,*79/H8,kwanst01
333,Tommy La Stella*,33,SFG,NL,29,102,95,10,25,8,0,2,11,0,0,4,15,.263,.294,.411,.705,96,39,3,1,0,2,0,D/H354,lasteto01
334,Juan Lagares,33,LAA,AL,20,62,60,4,11,2,1,0,0,0,0,2,15,.183,.210,.250,.460,31,15,0,0,0,0,0,/987H,lagarju01
335,Jake Lamb*,31,LAD,NL,1,1,1,0,0,0,0,0,0,0,0,0,1,.000,.000,.000,.000,-100,0,0,0,0,0,0,/7H,lambja01
336,Trevor Larnach*,25,MIN,AL,51,180,160,22,37,13,0,5,18,0,0,18,57,.231,.306,.406,.712,104,65,1,0,0,2,1,79/DH,larnatr01
337,Ramon Laureano,27,OAK,AL,45,179,158,19,37,12,0,2,9,7,2,16,38,.234,.324,.348,.672,99,55,6,5,0,0,0,98/DH,laurera01
338,Bryan Lavastida,23,CLE,AL,6,15,12,0,1,0,0,0,0,0,0,3,4,.083,.267,.083,.350,8,1,0,0,0,0,0,/2,lavasbr01
339,Khalil Lee*,24,NYM,NL,2,2,2,1,1,0,0,1,3,0,0,0,0,.500,.500,2.000,2.500,573,4,0,0,0,0,0,/8,leekh01
340,DJ LeMahieu,33,NYY,AL,66,279,241,39,62,13,0,7,31,2,1,34,35,.257,.355,.398,.753,118,96,7,3,0,1,0,543/HD,lemahdj01
341,Sandy Leon#,33,CLE,AL,1,3,3,0,0,0,0,0,0,0,0,0,1,.000,.000,.000,.000,-100,0,0,0,0,0,0,/2,leonsa01
342,Kyle Lewis,26,SEA,AL,4,16,15,3,4,0,0,2,3,0,0,0,1,.267,.313,.667,.979,177,10,1,1,0,0,0,/D,lewisky01
343,Royce Lewis,23,MIN,AL,12,41,40,5,12,4,0,2,5,0,0,1,5,.300,.317,.550,.867,145,22,2,0,0,0,0,6/8,lewisro02
344,Francisco Lindor#,28,NYM,NL,74,326,286,45,70,11,2,12,56,8,2,29,63,.245,.322,.423,.745,112,121,3,6,0,5,1,*6/D,lindofr01
345,Tim Locastro,29,NYY,AL,15,15,13,8,3,0,0,1,2,4,1,2,4,.231,.333,.462,.795,128,6,0,0,0,0,0,/H78D9,locasti01
346,Evan Longoria,36,SFG,NL,39,130,114,16,28,5,0,7,17,0,0,15,33,.246,.331,.474,.804,124,54,2,0,0,1,0,5/DH,longoev01
347,Christian Lopes,29,OAK,AL,4,10,9,0,0,0,0,0,0,0,0,1,5,.000,.100,.000,.100,-67,0,0,0,0,0,0,/4HD79,lopesch01
348,Alejo Lopez#,26,CIN,NL,30,69,61,6,15,2,0,0,1,2,1,6,10,.246,.333,.279,.612,67,17,0,2,0,0,0,4H/D79,lopezal03
349,Jorge Lopez,29,BAL,AL,2,0,0,0,0,0,0,0,0,0,0,0,0,,,,,,0,0,0,0,0,0,1,lopezjo02
350,Nicky Lopez*,27,KCR,AL,67,233,209,24,47,9,1,0,6,5,0,17,33,.225,.293,.278,.570,63,58,2,3,4,0,0,46/5HD,lopezni01
351,Otto Lopez,23,TOR,AL,1,0,0,0,0,0,0,0,0,0,0,0,0,,,,,,0,0,0,0,0,0,/8,lopezot01
352,Reynaldo Lopez,28,CHW,AL,1,0,0,0,0,0,0,0,0,0,0,0,0,,,,,,0,0,0,0,0,0,1,lopezre01
353,Brandon Lowe*,27,TBR,AL,32,133,118,20,25,5,2,5,12,1,0,12,34,.212,.293,.415,.708,107,49,1,2,0,1,0,4/DH9,lowebr01
354,Josh Lowe*,24,TBR,AL,26,100,92,12,17,4,2,1,7,2,0,7,39,.185,.242,.304,.547,61,28,1,0,1,0,1,9/7D8,lowejo01
355,Nathaniel Lowe*,26,TEX,AL,68,274,255,30,72,10,1,10,32,1,2,19,67,.282,.332,.447,.779,123,114,4,0,0,0,1,*3/DH,lowena01
356,Jed Lowrie#,38,OAK,AL,46,167,151,14,28,4,0,3,16,1,0,14,38,.185,.251,.272,.523,55,41,4,0,0,2,0,D/H34,lowrije01
357,Seth Lugo,32,NYM,NL,1,0,0,0,0,0,0,0,0,0,0,0,0,,,,,,0,0,0,0,0,0,1,lugose01
358,Jordan Luplow,28,ARI,NL,46,132,114,20,18,2,0,10,20,4,1,14,39,.158,.265,.439,.704,97,50,1,3,0,1,1,9H/78D5,luplojo01
359,Gavin Lux*,24,LAD,NL,66,239,213,38,62,11,2,2,17,5,1,24,43,.291,.360,.390,.750,109,83,0,0,0,2,0,*47/6H,luxga01
360,Daniel Lynch*,25,KCR,AL,1,0,0,0,0,0,0,0,0,0,0,0,0,,,,,,0,0,0,0,0,0,1,lynchda02
361,Manny Machado,29,SDP,NL,66,285,253,48,83,17,1,12,46,7,1,30,47,.328,.400,.545,.945,174,138,4,1,0,1,6,*5/DH,machama01
362,David MacKinnon,27,LAA,AL,9,22,17,0,4,0,0,0,4,0,0,4,3,.235,.364,.235,.599,77,4,1,0,0,1,0,/5H3,mackida01
363,Nick Madrigal,25,CHC,NL,31,115,108,8,24,3,0,0,2,1,0,5,17,.222,.263,.250,.513,46,27,4,1,1,0,0,4/H,madrini01
364,Bligh Madris*,26,PIT,NL,8,30,30,5,11,4,0,1,6,1,0,0,7,.367,.367,.600,.967,169,18,0,0,0,0,0,/97H,madribl01
365,Luke Maile,31,CLE,AL,26,74,64,8,12,6,0,0,5,0,0,8,19,.188,.270,.281,.552,60,18,1,0,0,2,0,2,mailelu01
366,Martin Maldonado,35,HOU,AL,53,185,167,18,24,6,0,5,16,0,0,13,60,.144,.213,.269,.483,38,45,3,2,2,1,0,*2,maldoma01
367,Trey Mancini,30,BAL,AL,67,290,256,30,72,13,1,7,28,0,0,25,59,.281,.359,.422,.780,124,108,2,7,0,2,1,D3/97,mancitr01
368,Tucupita Marcano*,22,PIT,NL,19,68,61,9,16,3,0,2,5,1,0,5,16,.262,.318,.410,.728,106,25,1,0,2,0,0,4/7H6,marcatu01
369,Manuel Margot,27,TBR,AL,51,200,182,21,55,11,1,3,27,5,1,17,35,.302,.365,.423,.788,133,77,3,1,0,0,1,9D/78H,margoma01
370,Jake Marisnick,31,PIT,NL,22,52,49,5,8,2,0,0,1,1,1,2,13,.163,.196,.204,.400,14,10,2,0,1,0,0,7/89H,marisja01
371,Brandon Marsh*,24,LAA,AL,69,248,225,27,53,7,1,6,31,4,2,16,85,.236,.289,.356,.644,83,80,1,2,2,3,1,*78/H9,marshbr02
372,Ketel Marte#,28,ARI,NL,66,272,238,36,64,23,1,4,22,4,0,30,48,.269,.357,.424,.781,123,101,6,3,0,1,1,*4/DH,marteke01
373,Starling Marte,33,NYM,NL,64,280,261,48,74,16,3,7,36,8,5,13,51,.284,.332,.448,.780,122,117,8,6,0,0,0,*9/8DH,martest01
374,Brett Martin*,27,TEX,AL,1,0,0,0,0,0,0,0,0,0,0,0,0,,,,,,0,0,0,0,0,0,1,martibr01
375,Richie Martin,27,BAL,AL,12,30,28,4,5,0,2,0,3,3,0,2,9,.179,.233,.321,.555,58,9,0,0,0,0,0,/4HD6,martiri01
376,J.D. Martinez,34,BOS,AL,65,289,255,43,81,24,0,8,32,0,0,28,65,.318,.388,.506,.893,146,129,10,3,0,3,1,*D,martijd02
377,Jorge Mateo,27,BAL,AL,69,250,232,24,46,10,2,6,18,19,3,12,81,.198,.247,.336,.583,66,78,3,3,2,0,0,*6/H,mateojo01
378,Mark Mathias,27,MIL,NL,6,17,16,2,2,0,0,1,4,1,0,0,4,.125,.118,.313,.430,16,5,0,0,0,1,0,/4,mathima01
379,J.J. Matijevic*,26,HOU,AL,9,17,17,2,2,0,0,2,2,0,0,0,8,.118,.118,.471,.588,59,8,0,0,0,0,0,/3HD,matijjj01
380,Nick Maton*,25,PHI,NL,2,7,6,2,3,0,1,1,4,0,0,1,1,.500,.571,1.333,1.905,421,8,0,0,0,0,0,/4,matonni01
381,Jack Mayfield,31,LAA,AL,23,74,70,8,13,1,1,1,6,1,0,3,17,.186,.230,.271,.501,43,19,1,1,0,0,0,4/5H97D1,mayfija01
382,Nomar Mazara*,27,SDP,NL,22,73,67,9,20,4,0,2,12,0,0,5,15,.299,.356,.448,.804,134,30,1,1,0,0,0,9/H,mazarno01
383,Patrick Mazeika*,28,NYM,NL,17,51,48,3,8,3,0,1,4,0,0,2,6,.167,.200,.292,.492,39,14,0,0,1,0,0,2/3H,mazeipa01
384,James McCann,32,NYM,NL,24,76,67,6,12,2,0,1,7,1,0,3,14,.179,.250,.254,.504,46,17,4,4,0,2,0,2,mccanja02
385,Jake McCarthy*,24,ARI,NL,31,86,79,16,18,3,1,3,9,1,0,5,30,.228,.282,.405,.687,94,32,1,1,1,0,0,9/8HD,mccarja02
386,Chas McCormick,27,HOU,AL,50,176,158,17,34,7,1,6,16,1,2,16,44,.215,.290,.386,.676,93,61,1,1,0,1,0,87/9H,mccorch01
387,Andrew McCutchen,35,MIL,NL,61,264,238,29,59,9,0,7,32,5,4,21,51,.248,.314,.374,.688,94,89,7,3,0,2,0,D7/9H,mccutan01
388,Mickey McDonald#,27,OAK,AL,4,6,4,0,0,0,0,0,0,0,0,2,3,.000,.333,.000,.333,11,0,0,0,0,0,0,/H8D9,mcdonmi01
389,Reese McGuire*,27,CHW,AL,43,136,122,12,28,7,0,0,10,0,0,6,23,.230,.273,.287,.560,61,35,2,2,4,2,0,2/HD,mcguire01
390,Ryan McKenna,25,BAL,AL,49,79,72,10,17,5,0,0,4,1,0,4,31,.236,.291,.306,.597,72,22,1,2,0,1,1,H79/8D,mckenry01
391,Billy McKinney*,27,OAK,AL,23,57,52,3,5,1,0,1,4,0,0,4,16,.096,.158,.173,.331,-2,9,0,0,0,1,1,9/3H7D,mckinbi01
392,Zach McKinstry*,27,LAD,NL,6,7,7,1,1,0,0,1,2,0,0,0,3,.143,.143,.571,.714,86,4,0,0,0,0,0,/D45H96,mckinza01
393,Ryan McMahon*,27,COL,NL,73,294,256,29,61,13,2,6,37,0,2,34,79,.238,.333,.375,.708,91,96,0,3,0,1,0,*5/3D,mcmahry01
394,Jeff McNeil*,30,NYM,NL,66,252,229,33,75,17,1,4,33,2,0,19,30,.328,.385,.463,.848,143,106,2,3,0,1,0,47/H95D,mcneije01
395,Austin Meadows*,27,DET,AL,36,147,128,9,32,6,2,0,11,0,1,16,17,.250,.347,.328,.675,99,42,2,3,0,0,0,97/DH,meadoau01
396,Adonis Medina,25,NYM,NL,2,0,0,0,0,0,0,0,0,0,0,0,0,,,,,,0,0,0,0,0,0,/1,medinad01
397,Francisco Mejia#,26,TBR,AL,43,132,130,15,29,9,0,3,14,0,0,1,32,.223,.227,.362,.589,71,47,3,0,0,1,0,2H/D3,mejiafr01
398,MJ Melendez*,23,KCR,AL,48,189,164,16,36,7,1,6,17,0,1,24,43,.220,.317,.384,.702,98,63,1,0,0,1,1,2D/9H,melenmj01
399,Danny Mendick,28,CHW,AL,31,106,97,22,28,4,1,3,15,1,0,7,23,.289,.343,.443,.786,123,43,2,1,1,0,0,6/457H,mendida01
400,Oscar Mercado,27,CLE,AL,49,119,114,17,23,6,1,4,16,2,2,3,27,.202,.227,.377,.604,70,43,4,1,0,1,0,97/H8D,mercaos01
401,Yermin Mercedes,29,SFG,NL,2,4,4,0,1,0,0,0,0,0,0,0,2,.250,.250,.250,.500,42,1,0,0,0,0,0,/3D,merceye01
402,Whit Merrifield,33,KCR,AL,73,328,299,36,69,16,0,3,32,11,1,22,47,.231,.277,.314,.592,68,94,7,0,0,7,0,49/8D,merriwh01
403,Jake Meyers,26,HOU,AL,4,14,14,0,4,0,0,0,1,0,0,0,7,.286,.286,.286,.571,66,4,0,0,0,0,0,/8,meyerja02
404,Keynan Middleton,28,ARI,NL,1,0,0,0,0,0,0,0,0,0,0,0,0,,,,,,0,0,0,0,0,0,/1,middlke01
405,Brad Miller*,32,TEX,AL,55,168,155,16,33,1,0,7,27,4,1,12,46,.213,.268,.355,.623,79,55,1,0,0,1,0,57H/D9,millebr02
406,Owen Miller,25,CLE,AL,64,253,224,33,56,19,0,4,33,1,0,19,50,.250,.304,.388,.693,98,87,4,2,0,8,1,34D/H5,milleow01
407,Alec Mills,30,CHC,NL,1,0,0,0,0,0,0,0,0,0,0,0,0,,,,,,0,0,0,0,0,0,/1,millsal02
408,Wyatt Mills,27,SEA,AL,1,0,0,0,0,0,0,0,0,0,0,0,0,,,,,,0,0,0,0,0,0,/1,millswy01
409,Jose Miranda,24,MIN,AL,42,145,138,11,33,10,0,5,17,0,1,6,31,.239,.276,.420,.696,98,58,5,1,0,0,0,35/DH,miranjo01
410,Calvin Mitchell*,23,PIT,NL,26,88,83,4,16,5,0,2,7,1,0,4,23,.193,.227,.325,.553,55,27,2,0,0,1,0,9/HD,mitchca01
411,Yadier Molina,39,STL,NL,38,138,136,10,29,5,0,2,10,1,0,2,23,.213,.225,.294,.519,49,40,4,0,0,0,0,2/13,molinya01
412,Yoan Moncada#,27,CHW,AL,30,118,111,9,21,4,0,3,14,0,0,6,33,.189,.237,.306,.544,54,34,1,1,0,0,1,5/H,moncayo01
413,Adalberto Mondesí#,26,KCR,AL,15,54,50,3,7,0,0,0,3,5,0,4,20,.140,.204,.140,.344,0,7,2,0,0,0,0,6,mondera02
414,Mickey Moniak*,24,PHI,NL,10,32,28,2,4,0,0,0,1,0,0,3,12,.143,.226,.143,.369,8,4,0,0,1,0,0,/89H,moniami01
415,Elehuris Montero,23,COL,NL,8,25,24,2,4,1,0,0,0,0,0,1,10,.167,.200,.208,.408,11,5,0,0,0,0,0,/5DH3,monteel01
416,Dylan Moore,29,SEA,AL,52,124,98,18,16,1,2,3,10,10,3,16,32,.163,.320,.306,.626,86,30,2,7,1,1,1,9H6/734D5,mooredy01
417,Colin Moran*,29,CIN,NL,37,117,100,8,21,3,0,4,22,0,0,14,27,.210,.299,.360,.659,76,36,3,0,0,3,0,35/HD,moranco01
418,Christopher Morel,23,CHC,NL,38,176,157,25,40,9,2,5,16,7,3,15,55,.255,.320,.433,.753,109,68,2,1,1,2,0,84/56H,morelch01
419,Gabriel Moreno,22,TOR,AL,11,38,37,3,12,1,0,0,4,0,0,1,2,.324,.342,.351,.693,99,13,1,0,0,0,0,2/H,morenga01
420,Dauri Moreta,26,CIN,NL,1,0,0,0,0,0,0,0,0,0,0,0,0,,,,,,0,0,0,0,0,0,1,moretda01
421,Taylor Motter,32,CIN,NL,2,6,6,0,1,0,0,0,0,0,0,0,3,.167,.167,.167,.333,-10,1,0,0,0,0,0,/54,motteta01
422,Ryan Mountcastle,25,BAL,AL,64,271,255,33,69,14,0,13,38,3,1,13,70,.271,.306,.478,.785,121,122,9,1,0,2,1,*3D,mountry01
423,Mike Moustakas*,33,CIN,NL,50,190,163,22,36,8,0,3,15,2,0,20,37,.221,.321,.325,.646,74,53,5,5,0,2,0,5D/3H,moustmi01
424,Cedric Mullins*,27,BAL,AL,74,327,299,39,76,18,1,6,29,16,3,19,59,.254,.308,.381,.689,97,114,3,5,1,2,1,*8/HD,mullice01
425,Max Muncy*,31,LAD,NL,58,237,192,27,32,6,1,6,21,0,0,44,52,.167,.325,.302,.627,76,58,2,1,0,0,1,54D/H3,muncyma01
426,Yairo Munoz,27,PHI,NL,9,23,20,4,4,0,0,2,3,1,0,3,4,.200,.304,.500,.804,124,10,0,0,0,0,0,/4H5,munozya01
427,Sean Murphy,27,OAK,AL,68,275,245,27,53,16,1,8,30,1,0,21,66,.216,.292,.388,.680,99,95,7,6,0,2,1,*2D/H,murphse01
428,Tom Murphy,31,SEA,AL,14,42,33,9,10,2,0,1,1,0,0,8,13,.303,.439,.455,.894,164,15,1,0,0,0,0,2/HD,murphto04
429,Simon Muzziotti*,23,PHI,NL,9,9,7,0,1,0,0,0,0,0,0,0,2,.143,.250,.143,.393,16,1,0,1,1,0,0,/8H,muzzisi01
430,Wil Myers,31,SDP,NL,32,134,124,13,29,6,0,1,19,0,0,8,38,.234,.276,.306,.583,71,38,3,0,0,2,1,9/1,myerswi01
431,Tyler Naquin*,31,CIN,NL,39,150,137,22,35,11,1,5,22,3,1,10,37,.255,.315,.460,.775,105,63,1,2,1,0,1,9D/H,naquity01
432,Omar Narvaez*,30,MIL,NL,43,164,146,13,38,9,1,2,13,0,0,15,36,.260,.341,.377,.718,103,55,2,3,0,0,1,2/H,narvaom01
433,Josh Naylor*,25,CLE,AL,49,196,177,21,48,13,0,8,38,1,0,15,31,.271,.332,.480,.812,131,85,8,2,0,2,1,3/D9H,naylojo01
434,Kyle Nelson*,25,ARI,NL,2,0,0,0,0,0,0,0,0,0,0,0,0,,,,,,0,0,0,0,0,0,1,nelsoky01
435,Sheldon Neuse,27,OAK,AL,57,210,194,19,45,3,2,2,18,6,1,14,57,.232,.290,.299,.589,75,58,1,2,0,0,0,543/DH1,neusesh01
436,Tyler Nevin,25,BAL,AL,38,141,117,17,21,2,0,2,13,0,0,17,34,.179,.298,.248,.546,60,29,4,4,0,3,0,5/3D79,nevinty01
437,Kevin Newman,28,PIT,NL,14,52,48,4,12,4,1,0,8,1,1,4,7,.250,.308,.375,.683,93,18,2,0,0,0,0,6,newmake01
438,Tomás Nido,28,NYM,NL,46,144,131,10,29,3,0,0,13,0,0,7,42,.221,.264,.244,.509,48,32,5,1,4,1,0,2/H,nidoto01
439,Brandon Nimmo*,29,NYM,NL,67,292,251,42,70,13,5,5,24,0,1,28,48,.279,.366,.430,.796,128,108,4,8,2,3,0,*8,nimmobr01
440,Austin Nola,32,SDP,NL,52,197,170,22,41,7,0,2,23,1,1,16,31,.241,.315,.318,.632,86,54,1,5,0,6,0,2/DH4,nolaau01
441,Lars Nootbaar*,24,STL,NL,30,73,66,9,10,2,0,2,7,1,0,6,24,.152,.219,.273,.492,42,18,2,0,0,1,0,9H/D78,nootbla01
442,Daniel Norris*,29,CHC,NL,1,0,0,0,0,0,0,0,0,0,0,0,0,,,,,,0,0,0,0,0,0,1,norrida01
443,Dom Nunez*,27,COL,NL,12,36,28,3,4,1,0,0,2,0,0,6,7,.143,.278,.179,.456,27,5,0,0,0,2,0,2,nunezdo01
444,Ryan O'Hearn*,28,KCR,AL,32,60,55,4,11,1,0,1,7,0,0,4,17,.200,.250,.273,.523,49,15,1,0,0,1,0,H/3D9,ohearry01
445,Tyler O'Neill,27,STL,NL,45,185,166,22,40,6,1,4,28,6,3,14,54,.241,.292,.361,.653,88,60,7,0,0,5,0,7/D,oneilty01
446,Rougned Odor*,28,BAL,AL,65,222,204,25,40,10,3,7,29,0,0,12,56,.196,.252,.377,.630,78,77,7,4,0,2,0,*4H,odorro01
447,Shohei Ohtani*,27,LAA,AL,74,319,280,46,75,15,1,17,49,8,5,34,77,.268,.351,.511,.862,143,143,4,3,0,2,6,*D1/H,ohtansh01
448,Chris Okey,27,CIN,NL,7,13,12,3,2,0,0,0,0,0,0,0,5,.167,.231,.167,.397,9,2,0,1,0,0,0,/2,okeych01
449,Edward Olivares,26,KCR,AL,19,52,49,7,16,4,0,2,6,2,1,2,11,.327,.365,.531,.896,151,26,0,1,0,0,0,9/HD7,olivaed02
450,Matt Olson*,28,ATL,NL,75,331,285,31,72,29,0,12,42,0,0,43,73,.253,.350,.481,.831,126,137,7,1,0,2,3,*3,olsonma02
451,Rafael Ortega*,31,CHC,NL,63,204,174,22,47,11,0,4,16,5,4,26,43,.270,.361,.402,.764,115,70,3,0,1,2,0,8D9H/7,ortegra01
452,Chris Owings,30,BAL,AL,26,68,56,6,6,2,0,0,0,1,0,10,24,.107,.254,.143,.397,19,8,3,1,1,0,0,4/6H571,owingch01
453,Marcell Ozuna,31,ATL,NL,71,301,276,35,62,9,0,14,32,2,1,20,69,.225,.279,.409,.688,87,113,9,2,0,3,0,7D,ozunama01
454,Cristian Pache,23,OAK,AL,67,211,198,15,32,5,1,2,13,1,2,11,55,.162,.206,.227,.433,28,45,4,0,2,0,0,*8/H,pachecr01
455,Kevin Padlo,25,TOT,MLB,10,23,22,0,4,1,0,0,3,0,0,1,9,.182,.217,.227,.445,28,5,1,0,0,0,0,/3H5,padloke01
456,Kevin Padlo,25,SFG,NL,4,12,12,0,2,0,0,0,0,0,0,0,4,.167,.167,.167,.333,-5,2,1,0,0,0,0,/53,padloke01
457,Kevin Padlo,25,SEA,AL,6,11,10,0,2,1,0,0,3,0,0,1,5,.200,.273,.300,.573,68,3,0,0,0,0,0,/3H,padloke01
458,Jermaine Palacios,25,MIN,AL,8,28,24,3,5,0,0,0,2,0,0,2,7,.208,.259,.208,.468,38,5,0,0,1,1,0,/6,palacje01
459,Richie Palacios*,25,CLE,AL,31,74,70,3,19,5,0,0,10,1,0,3,12,.271,.297,.343,.640,85,24,0,0,0,1,0,7H/D4,palacri01
460,Michael Papierski#,26,SFG,NL,5,10,9,1,0,0,0,0,0,0,0,1,4,.000,.100,.000,.100,-68,0,0,0,0,0,0,/23H,papiemi01
461,Isaac Paredes,23,TBR,AL,35,112,101,17,25,5,0,10,21,0,0,9,16,.248,.313,.594,.907,161,60,3,1,0,1,0,54/H3,paredis01
462,Hoy Park*,26,PIT,NL,18,53,46,5,10,1,0,2,6,1,0,2,15,.217,.255,.370,.624,75,17,0,1,2,2,0,/45H69,parkho01
463,Vinnie Pasquantino*,24,KCR,AL,1,4,4,0,0,0,0,0,0,0,0,0,0,.000,.000,.000,.000,-100,0,1,0,0,0,0,/D,pasquvi01
464,Joel Payamps,28,KCR,AL,1,0,0,0,0,0,0,0,0,0,0,0,0,,,,,,0,0,0,0,0,0,1,payamjo01
465,Joc Pederson*,30,SFG,NL,64,215,190,33,52,7,0,17,39,2,2,19,47,.274,.349,.579,.928,156,110,4,4,0,2,1,*79H/D,pederjo01
466,Liover Peguero,21,PIT,NL,1,4,3,0,1,0,0,0,0,0,0,1,2,.333,.500,.333,.833,144,1,0,0,0,0,0,/6,pegueli01
467,Jeremy Pena,24,HOU,AL,56,220,200,30,55,9,1,9,27,6,0,12,52,.275,.329,.465,.794,126,93,2,5,0,2,0,*6/H,penaje02
468,David Peralta*,34,ARI,NL,65,238,214,21,52,14,1,9,29,1,2,21,58,.243,.311,.444,.755,113,95,3,1,0,2,2,*7/HD,peralda01
469,Geraldo Perdomo#,22,ARI,NL,66,225,192,22,38,5,2,2,14,1,1,29,52,.198,.309,.276,.585,70,53,2,2,2,0,0,*6/54H,perdoge01
470,Cionel Pérez,26,BAL,AL,2,0,0,0,0,0,0,0,0,0,0,0,0,,,,,,0,0,0,0,0,0,1,perezci01
471,Joe Perez,22,HOU,AL,1,1,1,0,0,0,0,0,0,0,0,0,1,.000,.000,.000,.000,-100,0,0,0,0,0,0,/5H,perezjo02
472,Michael Perez*,29,PIT,NL,28,87,82,4,10,0,0,3,6,1,0,5,23,.122,.172,.232,.404,14,19,2,0,0,0,0,2/H,perezmi03
473,Roberto Perez,33,PIT,NL,21,69,60,8,14,2,0,2,8,0,0,9,25,.233,.333,.367,.700,100,22,1,0,0,0,0,2/H,perezro02
474,Salvador Perez,32,KCR,AL,57,236,223,25,47,13,1,11,34,0,0,9,65,.211,.254,.426,.680,89,95,6,4,0,0,1,2D,perezsa02
475,Jace Peterson*,32,MIL,NL,65,196,173,26,40,8,2,6,25,9,0,19,49,.231,.308,.405,.712,99,70,3,1,1,2,1,*5H/3947,peterja01
476,Tommy Pham,34,CIN,NL,64,271,233,43,57,9,0,10,30,5,0,34,66,.245,.339,.412,.752,101,96,10,1,0,3,0,*7/DH,phamth01
477,Brett Phillips*,28,TBR,AL,55,161,145,16,23,4,0,4,10,6,0,12,67,.159,.226,.269,.495,46,39,0,1,2,1,0,*98/H1D7,phillbr02
478,Evan Phillips,27,LAD,NL,1,1,0,0,0,0,0,0,0,0,0,1,0,,1.000,,,,0,0,0,0,0,0,1,phillev01
479,Kevin Pillar,33,LAD,NL,4,13,12,1,1,1,0,0,0,0,0,1,4,.083,.154,.167,.321,-11,2,1,0,0,0,0,/78,pillake01
480,Manny Pina,35,ATL,NL,5,17,14,1,2,0,0,0,2,0,0,1,1,.143,.235,.143,.378,8,2,0,1,0,1,0,/2,pinama01
481,Chad Pinder,30,OAK,AL,53,195,186,16,43,9,0,5,16,2,0,7,65,.231,.258,.360,.618,80,67,5,0,1,1,0,7/9D5H1,pindech01
482,Rene Pinto,25,TBR,AL,11,32,32,1,5,0,0,1,3,0,0,0,17,.156,.156,.250,.406,18,8,1,0,0,0,0,2,pintore02
483,Stephen Piscotty,31,OAK,AL,15,50,43,4,9,1,0,1,3,2,0,6,13,.209,.320,.302,.622,85,13,0,1,0,0,1,9/D,piscost01
484,Kevin Plawecki,31,BOS,AL,26,83,70,6,11,2,0,1,5,0,0,9,17,.157,.268,.229,.497,41,16,1,2,1,1,0,2/1H,plaweke01
485,Nick Plummer*,25,NYM,NL,14,31,29,4,4,1,0,2,6,0,0,1,12,.138,.194,.379,.573,59,11,1,1,0,0,0,/D97H,plummni01
486,Jorge Polanco#,28,MIN,AL,59,255,220,29,55,10,0,8,36,3,2,33,56,.250,.345,.405,.750,117,89,1,0,0,2,0,*4/6D,polanjo01
487,AJ Pollock,34,CHW,AL,57,217,204,28,49,12,1,4,23,1,0,10,46,.240,.276,.368,.644,83,75,3,1,0,2,0,*7/9H8,polloaj01
488,Sean Poppen,28,ARI,NL,2,0,0,0,0,0,0,0,0,0,0,0,0,,,,,,0,0,0,0,0,0,1,poppese01
489,Jurickson Profar#,29,SDP,NL,75,328,282,48,70,17,2,8,38,4,0,41,50,.248,.348,.408,.755,120,115,7,3,0,2,0,*7/DH,profaju01
490,Albert Pujols,42,STL,NL,40,136,116,11,23,4,0,4,17,1,1,13,25,.198,.294,.336,.630,82,39,6,4,0,3,0,D/H31,pujolal01
491,Roman Quinn#,29,PHI,NL,23,40,37,8,6,1,0,0,3,4,1,3,15,.162,.225,.189,.414,20,7,0,0,0,0,0,8/H79,quinnro01
492,Cal Raleigh#,25,SEA,AL,47,158,139,16,27,7,0,10,20,0,0,17,48,.194,.285,.460,.745,114,64,1,1,0,1,0,2/H,raleica01
493,Luke Raley*,27,TBR,AL,2,8,7,1,1,0,0,0,1,0,0,0,3,.143,.250,.143,.393,21,1,0,1,0,0,0,/D7,raleylu01
494,Harold Ramirez,27,TBR,AL,60,191,173,20,53,9,0,3,25,2,3,13,24,.306,.356,.410,.766,127,71,1,2,0,3,1,DH93/7,ramirha02
495,Jose Ramirez#,29,CLE,AL,69,300,261,45,78,25,4,16,63,12,3,35,23,.299,.383,.609,.993,181,159,3,2,0,2,5,*5D,ramirjo01
496,Noe Ramirez,32,ARI,NL,1,0,0,0,0,0,0,0,0,0,0,0,0,,,,,,0,0,0,0,0,0,1,ramirno01
497,Heliot Ramos,22,SFG,NL,7,14,13,2,2,0,0,0,0,0,0,1,3,.154,.214,.154,.368,7,2,1,0,0,0,0,/97H,ramoshe02
498,J.T. Realmuto,31,PHI,NL,66,270,240,35,57,11,2,5,29,10,0,21,59,.238,.315,.363,.677,93,87,4,7,0,2,0,*2/H3D,realmjt01
499,Rob Refsnyder,31,BOS,AL,13,45,38,8,14,4,0,2,9,0,1,4,5,.368,.444,.632,1.076,195,24,1,2,0,1,0,/9H8D,refsnro01
500,Zach Reks*,28,TEX,AL,16,34,34,3,9,1,0,0,3,0,1,0,10,.265,.265,.294,.559,62,10,0,0,0,0,0,7/H9,reksza01
501,Anthony Rendon,32,LAA,AL,45,188,162,15,37,10,0,5,24,2,0,23,32,.228,.324,.383,.707,102,62,7,1,0,2,0,5/H,rendoan01
502,Hunter Renfroe,30,MIL,NL,54,217,198,27,49,9,0,13,27,0,1,15,54,.247,.300,.490,.789,118,97,6,1,0,3,0,*9/D3,renfrhu01
503,Luis Rengifo#,25,LAA,AL,43,155,144,13,33,5,2,3,9,1,1,8,25,.229,.279,.354,.633,80,51,1,2,1,0,0,4/H976,rengilu01
504,Franmil Reyes,26,CLE,AL,41,170,157,11,33,5,0,4,15,0,0,11,70,.210,.265,.318,.583,68,50,6,1,0,1,0,D/97H,reyesfr01
505,Pablo Reyes,28,MIL,NL,4,15,14,1,4,0,0,0,0,0,0,1,2,.286,.333,.286,.619,77,4,0,0,0,0,0,/65,reyespa01
506,Victor Reyes#,27,DET,AL,22,74,72,6,20,3,1,0,5,0,2,2,14,.278,.297,.347,.645,87,25,1,0,0,0,0,9/8HD,reyesvi01
507,Bryan Reynolds#,27,PIT,NL,71,299,266,32,67,8,3,12,25,3,3,29,71,.252,.328,.440,.768,116,117,8,2,0,2,2,*8/D,reynobr01
508,Matt Reynolds,31,TOT,NL,49,151,136,19,34,5,1,3,14,4,0,14,37,.250,.318,.368,.686,83,50,4,0,0,1,0,46/H59138D7,reynoma03
509,Matt Reynolds,31,NYM,NL,1,0,0,0,0,0,0,0,0,0,0,0,0,,,,,,0,0,0,0,0,0,/9,reynoma03
510,Matt Reynolds,31,CIN,NL,48,151,136,19,34,5,1,3,14,4,0,14,37,.250,.318,.368,.686,83,50,4,0,0,1,0,46/H59138D7,reynoma03
511,JT Riddle*,30,CIN,NL,2,4,4,0,1,0,0,0,0,0,0,0,1,.250,.250,.250,.500,35,1,0,0,0,0,0,/5H,riddljt01
512,Austin Riley,25,ATL,NL,73,317,285,39,72,16,1,18,43,2,0,23,88,.253,.322,.505,.827,123,144,4,7,0,2,1,*5/H,rileyau01
513,Edwin Rios*,28,LAD,NL,27,92,86,12,21,1,0,7,17,0,1,5,36,.244,.293,.500,.793,115,43,2,1,0,0,1,D/H35,riosed01
514,Alfonso Rivas*,25,CHC,NL,48,144,125,16,29,2,1,3,22,3,0,16,44,.232,.319,.336,.655,85,42,1,1,0,2,1,3/HD79,rivasal01
515,Emmanuel Rivera,26,KCR,AL,45,151,141,15,28,5,3,4,16,0,0,8,34,.199,.252,.362,.613,72,51,5,2,0,0,0,5/HD3,riverem01
516,Sebastian Rivero,23,KCR,AL,3,8,7,0,0,0,0,0,0,0,0,1,4,.000,.125,.000,.125,-60,0,0,0,0,0,0,/2,riverse01
517,Anthony Rizzo*,32,NYY,AL,74,312,264,44,58,10,1,20,50,6,1,35,54,.220,.333,.492,.826,136,130,7,11,0,2,3,*3/DH,rizzoan01
518,Luis Robert,24,CHW,AL,58,256,244,34,72,10,0,8,38,11,1,8,47,.295,.324,.434,.759,115,106,3,3,0,1,1,*8/D,roberlu01
519,David Robertson,37,CHC,NL,2,1,1,0,0,0,0,0,0,0,0,0,1,.000,.000,.000,.000,-100,0,0,0,0,0,0,1,roberda08
520,Kramer Robertson,27,STL,NL,2,1,1,0,0,0,0,0,1,0,0,0,0,.000,.000,.000,.000,-100,0,0,0,0,0,0,/HD6,roberkr01
521,Victor Robles,25,WSN,NL,65,191,167,24,38,7,1,1,19,7,0,10,50,.228,.293,.299,.593,74,50,1,6,7,1,0,*8/HD,roblevi01
522,Brendan Rodgers,25,COL,NL,64,276,255,36,66,17,2,6,34,0,0,17,49,.259,.308,.412,.720,92,105,12,2,0,2,0,*4,rodgebr02
523,Joely Rodriguez*,30,NYM,NL,1,0,0,0,0,0,0,0,0,0,0,0,0,,,,,,0,0,0,0,0,0,1,rodrijo06
524,Julio Rodriguez,21,SEA,AL,75,309,283,40,78,15,1,11,35,19,3,22,87,.276,.337,.452,.789,129,128,6,4,0,0,1,*8/H,rodriju01
525,Jose Rojas*,29,LAA,AL,7,23,23,1,3,2,0,0,1,0,0,0,8,.130,.130,.217,.348,-3,5,0,0,0,0,0,/97H,rojasjo02
526,Josh Rojas*,28,ARI,NL,44,182,161,25,41,5,1,4,18,5,0,16,39,.255,.320,.373,.693,98,60,1,1,1,3,1,5/D,rojasjo01
527,Miguel Rojas,33,MIA,NL,64,235,218,22,53,7,1,6,20,4,1,13,27,.243,.294,.367,.661,86,80,4,3,0,1,1,*6/3H,rojasmi02
528,Austin Romine,33,LAA,AL,3,9,8,0,2,0,0,0,0,0,0,0,3,.250,.250,.250,.500,44,2,0,0,1,0,0,/2,rominau01
529,Amed Rosario,26,CLE,AL,65,280,266,37,75,10,5,2,21,8,2,12,41,.282,.314,.380,.694,99,101,6,1,0,1,0,*6/7D,rosaram01
530,Eddie Rosario*,30,ATL,NL,15,49,44,4,3,1,0,0,0,0,0,5,10,.068,.163,.091,.254,-27,4,0,0,0,0,0,9/7H,rosared01
531,Darin Ruf,35,SFG,NL,64,244,207,34,46,7,0,6,26,2,0,33,64,.222,.336,.343,.679,93,71,7,3,0,1,0,37DH/9,rufda01
532,Keibert Ruiz#,23,WSN,NL,57,233,212,18,53,14,0,2,15,3,0,17,23,.250,.310,.344,.655,91,73,4,2,1,1,0,*2/H,ruizke01
533,Adley Rutschman#,24,BAL,AL,31,125,114,15,26,11,1,3,9,1,0,9,24,.228,.296,.421,.717,103,48,1,2,0,0,0,2/DH,rutscad01
534,Gary Sanchez,29,MIN,AL,59,236,215,25,49,17,0,9,34,1,0,15,66,.228,.288,.433,.721,105,93,6,4,0,2,0,2D/H3,sanchga02
535,Jesus Sanchez*,24,MIA,NL,62,228,213,29,47,8,3,10,27,1,0,12,67,.221,.268,.427,.695,93,91,5,2,0,1,0,*8/H,sanchje02
536,Reiver Sanmartin*,26,CIN,NL,1,2,2,0,0,0,0,0,0,0,0,0,1,.000,.000,.000,.000,-100,0,0,0,0,0,0,1,sanmare01
537,Miguel Sano,29,MIN,AL,17,65,54,1,5,0,0,1,3,1,0,9,21,.093,.231,.148,.379,13,8,0,1,0,1,0,3/D,sanomi01
538,Carlos Santana#,36,TOT,AL,53,215,178,17,38,10,0,4,21,0,0,37,29,.213,.349,.337,.686,97,60,1,0,0,0,1,3D/H,santaca01
539,Carlos Santana#,36,SEA,AL,1,3,2,0,0,0,0,0,0,0,0,1,1,.000,.333,.000,.333,10,0,0,0,0,0,0,/3,santaca01
540,Carlos Santana#,36,KCR,AL,52,212,176,17,38,10,0,4,21,0,0,36,28,.216,.349,.341,.690,98,60,1,0,0,0,1,3D/H,santaca01
541,Anthony Santander#,27,BAL,AL,69,290,250,32,59,6,0,14,39,0,2,31,60,.236,.331,.428,.759,116,107,4,6,0,3,1,*97/DH,santaan02
542,Jonathan Schoop,30,DET,AL,71,278,265,21,51,12,1,6,21,1,0,10,58,.192,.227,.313,.540,55,83,7,2,0,1,0,*4/DH,schoojo01
543,Max Schrock*,27,CIN,NL,8,15,15,0,3,0,0,0,1,0,0,0,4,.200,.200,.200,.400,8,3,0,0,0,0,0,/H74D9,schroma01
544,Kyle Schwarber*,29,PHI,NL,73,320,268,53,59,12,0,22,47,4,0,49,92,.220,.344,.511,.855,140,137,6,2,0,1,2,*7/D,schwaky01
545,Frank Schwindel,30,CHC,NL,62,245,228,21,54,10,0,8,33,0,0,15,49,.237,.282,.386,.668,86,88,6,0,0,2,1,3D/H1,schwifr01
546,Corey Seager*,28,TEX,AL,71,313,281,37,65,10,0,15,35,3,0,28,56,.231,.304,.427,.731,109,120,5,2,0,2,3,*6/D,seageco01
547,Jean Segura,32,PHI,NL,44,179,167,22,46,4,0,6,19,8,1,10,26,.275,.324,.407,.731,107,68,7,2,0,0,1,4/H,segurje01
548,Marcus Semien,31,TEX,AL,72,321,290,39,67,12,1,8,32,12,2,25,55,.231,.290,.362,.652,88,105,4,1,0,5,0,*4/6,semiema01
549,Nick Senzel,27,CIN,NL,47,185,164,22,39,5,0,1,12,5,2,12,35,.238,.296,.287,.583,58,47,4,2,0,1,0,8/HD,senzeni01
550,Brian Serven,27,COL,NL,21,71,65,8,20,1,1,3,9,0,0,6,15,.308,.366,.492,.859,129,32,2,0,0,0,0,2/3,servebr01
551,Anderson Severino*,27,CHW,AL,1,0,0,0,0,0,0,0,0,0,0,0,0,,,,,,0,0,0,0,0,0,/1,severan01
552,Paul Sewald,32,SEA,AL,2,0,0,0,0,0,0,0,0,0,0,0,0,,,,,,0,0,0,0,0,0,1,sewalpa01
553,Travis Shaw*,32,BOS,AL,7,19,19,0,0,0,0,0,0,0,0,0,7,.000,.000,.000,.000,-100,0,0,0,0,0,0,/3DH,shawtr01
554,Gavin Sheets*,26,CHW,AL,50,171,156,12,35,7,0,5,12,0,0,13,37,.224,.292,.365,.658,87,57,5,2,0,0,0,9D/3H7,sheetga01
555,Chasen Shreve*,31,NYM,NL,1,0,0,0,0,0,0,0,0,0,0,0,0,,,,,,0,0,0,0,0,0,1,shrevch01
556,Andrelton Simmons,32,CHC,NL,26,68,64,6,12,0,0,0,7,3,0,2,11,.188,.212,.188,.400,14,12,5,0,2,0,0,64/D1H,simmoan01
557,Jose Siri,26,HOU,AL,45,141,130,18,24,4,2,3,9,6,1,9,45,.185,.248,.315,.564,62,41,2,2,0,0,0,8/H9D,sirijo01
558,Austin Slater,29,SFG,NL,52,128,106,20,26,1,2,5,17,3,0,20,39,.245,.367,.434,.801,125,46,2,1,0,1,0,*8H9/7,slateau01
559,Dominic Smith*,27,NYM,NL,43,110,95,8,19,5,1,0,14,0,0,9,27,.200,.291,.274,.565,64,26,0,4,0,2,0,3HD,smithdo02
560,Josh Smith*,24,TEX,AL,11,37,27,5,8,1,0,0,0,2,0,7,4,.296,.486,.333,.820,145,9,0,3,0,0,0,/57H,smithjo11
561,Kevin Smith,25,OAK,AL,47,151,139,9,25,9,1,2,13,4,0,7,42,.180,.216,.302,.518,51,42,5,0,3,2,0,56/H,smithke05
562,Pavin Smith*,26,ARI,NL,64,240,213,20,44,6,0,9,31,1,0,24,63,.207,.288,.362,.649,84,77,1,1,0,2,1,9D/3H,smithpa04
563,Will Smith,27,LAD,NL,60,248,217,29,56,10,0,11,35,0,0,28,36,.258,.343,.456,.799,120,99,4,1,0,2,1,*2/DH,smithwi05
564,Canaan Smith-Njigba*,23,PIT,NL,3,7,5,1,1,1,0,0,0,0,0,1,0,.200,.429,.400,.829,138,2,0,1,0,0,0,/7H,smithca05
565,Collin Snider,26,KCR,AL,2,0,0,0,0,0,0,0,0,0,0,0,0,,,,,,0,0,0,0,0,0,1,snideco01
566,Nick Solak,27,TEX,AL,26,75,67,11,14,1,0,2,3,3,1,5,17,.209,.293,.313,.607,76,21,1,3,0,0,0,7/DH,solakni01
567,Donovan Solano,34,CIN,NL,5,23,21,3,8,5,0,0,3,0,0,1,4,.381,.435,.619,1.054,179,13,0,1,0,0,0,/54D,solando01
568,Jorge Soler,30,MIA,NL,67,289,254,31,55,13,0,13,34,0,2,30,82,.217,.306,.421,.727,104,107,9,3,0,1,1,*7D/H,solerjo01
569,Edmundo Sosa,26,STL,NL,41,93,88,14,17,2,2,0,5,1,1,2,23,.193,.237,.261,.498,44,23,2,3,0,0,0,6H/5D4,sosaed01
570,Lenyn Sosa,22,CHW,AL,4,13,12,2,1,1,0,0,0,0,0,1,3,.083,.154,.167,.321,-8,2,1,0,0,0,0,/4,sosale01
571,Juan Soto*,23,WSN,NL,75,328,263,43,59,14,0,14,31,5,2,63,49,.224,.378,.437,.815,137,115,8,2,0,0,2,*9,sotoju01
572,Steven Souza Jr.,33,SEA,AL,6,19,19,0,3,0,0,0,1,0,0,0,8,.158,.158,.158,.316,-7,3,2,0,0,0,0,/9D,souzast01
573,George Springer,32,TOR,AL,66,283,247,44,64,11,2,14,35,7,1,25,58,.259,.335,.490,.824,131,121,3,5,0,4,1,8D9/H,springe01
574,Jacob Stallings,32,MIA,NL,58,188,171,17,34,4,0,2,21,0,1,15,45,.199,.266,.257,.523,50,44,8,1,0,1,0,*2/H,stallja01
575,Giancarlo Stanton,32,NYY,AL,61,252,218,29,53,5,0,18,49,0,0,30,69,.243,.331,.514,.844,140,112,4,0,0,3,2,D9/H,stantmi03
576,Max Stassi,31,LAA,AL,47,174,152,14,33,6,0,4,14,0,0,22,49,.217,.316,.336,.652,87,51,6,0,0,0,0,2/H,stassma01
577,Josh Staumont,28,KCR,AL,2,0,0,0,0,0,0,0,0,0,0,0,0,,,,,,0,0,0,0,0,0,1,staumjo01
578,Drew Steckenrider,31,SEA,AL,1,0,0,0,0,0,0,0,0,0,0,0,0,,,,,,0,0,0,0,0,0,1,steckdr01
579,Tyler Stephenson,25,CIN,NL,42,155,141,21,43,8,0,5,31,1,0,11,41,.305,.361,.468,.829,120,66,3,2,0,1,0,2/DH3,stephty01
580,DJ Stewart*,28,BAL,AL,3,3,3,0,0,0,0,0,0,0,0,0,2,.000,.000,.000,.000,-100,0,0,0,0,0,0,/H,stewadj01
581,Trevor Story,29,BOS,AL,68,297,263,41,59,15,0,12,52,10,0,27,91,.224,.300,.418,.718,97,110,7,3,0,4,3,*4,storytr01
582,Bryson Stott*,24,PHI,NL,47,160,149,19,26,4,0,4,20,2,1,11,38,.174,.231,.282,.513,45,42,1,0,0,0,0,64/H5,stottbr01
583,Kyle Stowers*,24,BAL,AL,2,8,7,0,1,1,0,0,1,0,0,0,4,.143,.250,.286,.536,54,2,0,1,0,0,0,/7,stoweky01
584,Dee Strange-Gordon*,34,WSN,NL,22,59,59,6,18,1,1,0,2,3,2,0,8,.305,.305,.356,.661,92,21,1,0,0,0,0,6/87HD1,gordode01
585,Myles Straw,27,CLE,AL,70,295,258,44,52,12,1,0,8,11,1,34,50,.202,.295,.256,.551,61,66,0,1,0,2,0,*8/H,strawmy01
586,Garrett Stubbs*,29,PHI,NL,17,52,45,6,14,3,1,3,10,1,0,6,10,.311,.392,.622,1.014,183,28,1,0,1,0,0,2/1,stubbga01
587,Eugenio Suarez,30,SEA,AL,75,320,279,35,66,15,1,13,38,0,0,35,103,.237,.328,.437,.765,123,122,6,4,0,2,0,*5D/H,suareeu01
588,Jack Suwinski*,23,PIT,NL,56,198,179,26,37,7,0,12,22,2,0,17,62,.207,.283,.447,.730,104,80,3,2,0,0,1,*978/HD,suwinja01
589,Kurt Suzuki,38,LAA,AL,26,88,77,7,16,3,0,2,9,0,0,10,17,.208,.307,.325,.631,81,25,3,1,0,0,0,2/H3,suzukku01
590,Seiya Suzuki,27,CHC,NL,41,163,139,20,34,12,1,4,21,3,2,21,49,.245,.344,.432,.775,117,60,3,1,0,2,2,9/HD,suzukse01
591,Travis Swaggerty*,24,PIT,NL,5,9,9,0,1,0,0,0,0,0,0,0,4,.111,.111,.111,.222,-36,1,0,0,0,0,0,/7H8D,swaggtr01
592,Dansby Swanson,28,ATL,NL,75,310,281,48,84,14,1,13,43,11,3,25,83,.299,.361,.495,.856,133,139,4,3,0,1,0,*6,swansda01
593,Raimel Tapia*,28,TOR,AL,63,216,204,23,52,12,0,3,20,4,1,8,40,.255,.282,.358,.640,81,73,6,0,2,1,0,*798/HD,tapiara01
594,Leody Taveras#,23,TEX,AL,14,37,35,4,9,1,0,0,2,1,1,2,8,.257,.297,.286,.583,71,10,2,0,0,0,0,8/H,taverle01
595,Chris Taylor,31,LAD,NL,69,269,238,30,59,19,3,6,27,6,1,27,91,.248,.327,.429,.756,108,102,3,2,0,2,2,*7/89HD,tayloch03
596,Michael A. Taylor,31,KCR,AL,54,198,173,23,48,4,2,5,21,1,1,21,45,.277,.355,.410,.766,117,71,4,1,1,2,0,*8/H,taylomi02
597,Tyrone Taylor,28,MIL,NL,59,222,207,22,47,13,1,9,32,1,1,11,49,.227,.275,.430,.705,95,89,5,3,0,1,0,*89/7HD,tayloty01
598,Rowdy Tellez*,27,MIL,NL,71,274,245,27,60,16,0,13,45,0,0,25,57,.245,.321,.469,.791,120,115,8,3,0,1,2,*3/DH,tellero01
599,Matt Thaiss*,27,LAA,AL,1,1,1,0,0,0,0,0,0,0,0,0,1,.000,.000,.000,.000,-100,0,0,0,0,0,0,/H,thaisma01
600,Alek Thomas*,22,ARI,NL,45,169,154,24,40,7,0,6,16,4,0,12,32,.260,.320,.422,.742,110,65,1,2,0,1,0,8,thomaal01
601,Dillon Thomas*,29,LAA,AL,1,4,2,1,0,0,0,0,0,0,0,1,1,.000,.500,.000,.500,61,0,0,1,0,0,0,/79,thomadi01
602,Lane Thomas,26,WSN,NL,67,235,212,27,49,11,1,8,30,1,0,19,58,.231,.294,.406,.699,101,86,3,1,0,3,0,*78/9HD,thomala02
603,Trayce Thompson,31,TOT,NL,14,39,36,3,7,1,0,1,7,1,1,3,17,.194,.256,.306,.562,59,11,0,0,0,0,0,9/H7,thomptr01
604,Trayce Thompson,31,SDP,NL,6,16,14,1,1,0,0,0,2,0,1,2,7,.071,.188,.071,.259,-20,1,0,0,0,0,0,/9H7,thomptr01
605,Trayce Thompson,31,LAD,NL,8,23,22,2,6,1,0,1,5,1,0,1,10,.273,.304,.455,.759,107,10,0,0,0,0,0,/9H,thomptr01
606,Ka'ai Tom*,28,SFG,NL,1,1,1,0,0,0,0,0,0,0,0,0,0,.000,.000,.000,.000,-100,0,0,0,0,0,0,/H9,tomka01
607,Spencer Torkelson,22,DET,AL,66,240,210,19,40,9,0,4,16,0,1,26,62,.190,.283,.290,.574,68,61,7,2,0,2,0,*3/H,torkesp01
608,Abraham Toro#,25,SEA,AL,60,213,198,21,34,7,1,7,18,1,0,12,34,.172,.221,.323,.544,57,64,2,1,0,2,1,45D/H3,toroab01
609,Luis Torrens,26,SEA,AL,36,118,108,8,24,2,0,0,8,0,0,8,38,.222,.280,.241,.520,55,26,4,1,0,1,0,2/DH4,torrelu01
610,Gleyber Torres,25,NYY,AL,67,249,228,33,57,13,1,13,32,4,2,16,47,.250,.302,.487,.789,124,111,5,2,1,2,1,*4/H6D,torregl01
611,Taylor Trammell*,24,SEA,AL,32,94,81,14,19,9,0,3,9,2,1,11,24,.235,.323,.457,.779,126,37,1,0,1,1,0,9/8HD,trammta01
612,Alan Trejo,26,COL,NL,11,40,39,6,9,1,0,1,6,0,0,1,9,.231,.250,.333,.583,56,13,1,0,0,0,0,/465H,trejoal01
613,Jose Trevino,29,NYY,AL,50,140,129,19,35,3,1,6,24,1,0,9,20,.271,.321,.450,.771,121,58,1,1,0,1,0,2/H,trevijo01
614,Mike Trout,30,LAA,AL,68,283,242,52,69,16,2,23,46,0,0,37,79,.285,.389,.653,1.042,191,158,3,4,0,0,6,*8/DH,troutmi01
615,Yoshi Tsutsugo*,30,PIT,NL,35,135,113,8,20,3,0,2,15,0,0,18,31,.177,.281,.257,.538,55,29,3,0,0,4,0,3/DH,tsutsyo01
616,Cole Tucker#,25,PIT,NL,18,63,63,3,11,1,1,0,2,1,0,0,25,.175,.175,.222,.397,12,14,1,0,0,0,0,9/46H,tuckeco01
617,Kyle Tucker*,25,HOU,AL,68,276,239,32,61,12,0,15,51,14,1,36,45,.255,.351,.494,.845,141,118,4,0,0,1,1,*9/H,tuckeky01
618,Justin Turner,37,LAD,NL,69,286,253,31,55,20,0,4,38,1,0,27,50,.217,.290,.344,.634,75,87,7,1,0,5,1,5D/H,turneju01
619,Trea Turner,29,LAD,NL,73,322,293,41,91,17,2,11,54,15,2,23,62,.311,.358,.495,.853,134,145,5,1,0,4,1,*6,turnetr01
620,Justin Upton,34,SEA,AL,10,37,31,0,4,1,0,0,2,0,0,4,15,.129,.270,.161,.432,31,5,1,2,0,0,0,/D97,uptonju01
621,Luis Urias,25,MIL,NL,48,198,171,24,38,5,0,7,21,1,1,22,45,.222,.318,.374,.692,95,64,4,3,0,2,0,645,uriaslu01
622,Ramon Urias,28,BAL,AL,49,188,173,22,39,10,0,6,18,0,0,11,48,.225,.273,.387,.660,87,67,2,1,1,2,0,5/46HD,uriasra01
623,Gio Urshela,30,MIN,AL,70,264,240,29,61,13,1,6,32,0,0,20,45,.254,.307,.392,.698,101,94,13,0,0,4,0,*5/D,urshegi01
624,Josh VanMeter*,27,PIT,NL,37,115,105,10,22,2,2,3,10,2,0,9,27,.210,.270,.352,.622,76,37,1,0,0,1,0,4/H32D19,vanmejo01
625,Ildemaro Vargas#,30,CHC,NL,10,26,23,4,3,0,1,1,4,0,0,3,2,.130,.231,.348,.579,60,8,1,0,0,0,0,/64H,vargail01
626,Daulton Varsho*,25,ARI,NL,68,279,251,34,59,14,0,10,32,4,3,19,67,.235,.299,.410,.709,100,103,4,5,1,3,0,28D9/H,varshda01
627,Andrew Vaughn,24,CHW,AL,56,239,215,25,66,13,0,7,33,0,0,17,41,.307,.360,.465,.825,134,100,5,3,0,4,0,97D/34H,vaughan01
628,Christian Vazquez,31,BOS,AL,58,213,196,21,57,15,0,4,31,1,2,12,35,.291,.333,.429,.762,110,84,3,2,0,3,0,*2/3H,vazquch01
629,Andrew Velazquez#,27,LAA,AL,69,216,200,22,35,6,0,5,20,10,0,9,70,.175,.220,.280,.500,42,56,3,3,2,2,0,*6/H,velazan01
630,Nelson Velázquez,23,CHC,NL,8,20,17,3,6,1,0,0,0,0,0,3,5,.353,.450,.412,.862,145,7,0,0,0,0,0,/97H,velazne01
631,Alex Verdugo*,26,BOS,AL,69,290,266,32,70,16,0,5,39,0,1,19,30,.263,.310,.380,.690,91,101,7,1,0,4,2,*7,verdual01
632,Matt Vierling,25,PHI,NL,39,102,93,13,22,3,0,3,7,2,2,7,21,.237,.294,.366,.660,87,34,5,1,0,1,0,8/7H9345,vierlma01
633,Jonathan Villar#,31,CHC,NL,46,166,153,19,34,6,2,2,15,6,0,11,42,.222,.271,.327,.598,67,50,3,0,0,2,0,45/H6D,villajo01
634,Meibrys Viloria*,25,TEX,AL,1,3,3,0,2,0,0,0,0,0,0,0,1,.667,.667,.667,1.333,289,2,0,0,0,0,0,/2,vilorme01
635,Daniel Vogelbach*,29,PIT,NL,58,211,183,23,40,7,1,9,23,0,0,27,53,.219,.318,.415,.733,107,76,6,0,0,1,1,*D/H3,vogelda01
636,Stephen Vogt*,37,OAK,AL,19,54,48,7,8,0,0,3,4,0,0,5,14,.167,.259,.354,.613,79,17,1,1,0,0,0,D/H23,vogtst01
637,Luke Voit,31,SDP,NL,56,237,207,28,48,13,0,9,32,1,0,27,80,.232,.321,.425,.746,116,88,4,1,0,2,1,D/3H,voitlu01
638,Jason Vosler*,28,SFG,NL,17,58,51,9,15,2,0,4,8,1,1,6,15,.294,.362,.569,.931,158,29,1,0,0,1,1,5/3H,vosleja01
639,Joey Votto*,38,CIN,NL,56,227,192,19,40,13,1,5,23,0,0,29,56,.208,.330,.365,.695,86,70,3,6,0,0,0,3/DH,vottojo01
640,LaMonte Wade Jr.*,28,SFG,NL,10,32,25,4,6,0,0,1,5,0,0,5,5,.240,.375,.360,.735,109,9,0,1,0,1,0,/97H3D,wadela01
641,Tyler Wade*,27,LAA,AL,65,157,143,22,32,5,0,1,8,7,5,8,32,.224,.270,.280,.549,58,40,3,1,5,0,0,465H/798D,wadety01
642,Christian Walker,31,ARI,NL,73,298,256,36,52,10,1,19,39,0,2,36,58,.203,.309,.473,.781,120,121,5,4,0,2,2,*3/D,walkech02
643,Steele Walker*,25,TEX,AL,5,16,14,1,1,0,0,1,1,0,0,2,4,.071,.188,.286,.473,35,4,0,0,0,0,0,/7H9,walkest01
644,Chad Wallach,30,LAA,AL,10,36,32,3,5,1,0,1,4,0,0,3,7,.156,.229,.281,.510,45,9,1,0,1,0,0,2,wallach01
645,Taylor Walls#,25,TBR,AL,63,208,188,19,31,7,2,3,9,5,1,19,55,.165,.245,.271,.516,53,51,4,1,0,0,0,654/HD,wallsta01
646,Jared Walsh*,28,LAA,AL,73,286,269,32,70,12,2,13,40,1,1,14,82,.260,.304,.465,.769,116,125,5,3,0,0,2,*3/H7,walshja01
647,Donovan Walton*,28,TOT,MLB,20,62,60,9,10,7,0,1,8,0,0,1,11,.167,.194,.333,.527,45,20,0,1,0,0,0,4/6H51,waltodo01
648,Donovan Walton*,28,SEA,AL,1,0,0,1,0,0,0,0,0,0,0,0,0,,,,,,0,0,0,0,0,0,/5H,waltodo01
649,Donovan Walton*,28,SFG,NL,19,62,60,8,10,7,0,1,8,0,0,1,11,.167,.194,.333,.527,45,20,0,1,0,0,0,4/6H1,waltodo01
650,Taylor Ward,28,LAA,AL,53,224,195,40,61,10,2,11,31,2,2,29,51,.313,.402,.554,.956,170,108,2,0,0,0,0,*9/HD,wardta01
651,Luke Weaver,28,ARI,NL,1,0,0,0,0,0,0,0,0,0,0,0,0,,,,,,0,0,0,0,0,0,/1DH,weavelu01
652,J.B. Wendelken,29,ARI,NL,1,0,0,0,0,0,0,0,0,0,0,0,0,,,,,,0,0,0,0,0,0,1,wendejb01
653,Joey Wendle*,32,MIA,NL,29,97,88,12,25,6,0,2,11,4,0,7,11,.284,.340,.420,.761,114,37,0,1,0,1,0,5/6H4,wendljo01
654,Eli White,28,TEX,AL,47,117,105,16,21,2,0,3,10,12,1,11,41,.200,.274,.305,.578,68,32,0,0,0,1,0,87/HD9,whiteel04
655,Aaron Whitefield,25,LAA,AL,5,11,11,0,0,0,0,0,0,0,0,0,5,.000,.000,.000,.000,-100,0,0,0,0,0,0,/987H,whiteaa01
656,Luke Williams,25,TOT,NL,29,47,43,7,10,2,0,0,4,3,1,4,14,.233,.298,.279,.577,65,12,0,0,0,0,0,57H/4D,willilu01
657,Luke Williams,25,SFG,NL,8,12,12,1,3,1,0,0,3,0,0,0,4,.250,.250,.333,.583,63,4,0,0,0,0,0,/5H7,willilu01
658,Luke Williams,25,MIA,NL,21,35,31,6,7,1,0,0,1,3,1,4,10,.226,.314,.258,.572,65,8,0,0,0,0,0,7/H54D,willilu01
659,Trevor Williams,30,NYM,NL,2,0,0,0,0,0,0,0,0,0,0,0,0,,,,,,0,0,0,0,0,0,1,willitr01
660,Jesse Winker*,28,SEA,AL,74,311,259,24,59,12,0,6,32,0,0,49,56,.228,.350,.344,.694,106,89,4,1,0,2,1,*7/DH,winkeje01
661,Patrick Wisdom,30,CHC,NL,70,282,250,38,57,15,0,14,37,2,3,28,98,.228,.312,.456,.768,113,114,5,3,0,1,1,*5/37H89,wisdopa01
662,Bobby Witt,22,KCR,AL,71,295,272,40,66,16,5,11,39,12,2,17,72,.243,.292,.460,.751,109,125,6,3,0,3,1,65/H,wittbo02
663,Connor Wong,26,BOS,AL,2,7,6,0,1,0,0,0,1,0,0,0,1,.167,.143,.167,.310,-14,1,0,0,0,1,0,/2,wongco01
664,Kolten Wong*,31,MIL,NL,53,213,183,28,42,9,3,5,17,8,3,22,35,.230,.324,.393,.717,102,72,2,5,0,3,0,*4/H6,wongko01
665,Austin Wynns,31,SFG,NL,14,40,37,4,9,2,0,1,5,0,0,3,9,.243,.300,.378,.678,90,14,2,0,0,0,0,2/D,wynnsau01
666,Mike Yastrzemski*,31,SFG,NL,64,255,216,35,53,16,0,8,30,0,1,32,57,.245,.345,.431,.776,118,93,2,3,0,4,0,*98/HD,yastrmi01
667,Christian Yelich*,30,MIL,NL,73,319,278,47,69,11,2,7,27,12,0,37,77,.248,.339,.378,.716,102,105,5,2,0,2,1,*7D/H,yelicch01
668,Juan Yepez,24,STL,NL,48,174,159,21,44,8,0,9,24,0,0,11,39,.277,.322,.497,.819,133,79,1,1,0,3,0,7D9/3H,yepezju01
669,Seby Zavala,28,CHW,AL,13,41,38,5,11,4,0,1,8,0,0,1,15,.289,.300,.474,.774,117,18,0,0,1,1,0,2/H3D,zavalse01
670,Bradley Zimmer*,29,TOR,AL,53,73,64,8,7,4,0,1,1,1,1,5,30,.109,.208,.219,.427,22,14,0,3,1,0,0,8H/9D,zimmebr01
671,Mike Zunino,31,TBR,AL,36,123,115,7,17,3,0,5,16,0,0,6,46,.148,.195,.304,.499,45,35,2,1,0,1,0,2/H,zuninmi01
,LgAvg per 600 PA,,,,164,600,538,69,130,26,2,17,66,8,3,50,133,.241,.311,.392,.704,,211,11,6,1,4,1,,-9999